,id,name,type,description,orbit
0,7658,Project Starfall Demonstration Mission,Technology,"Note: Mission profile and payload details are TBD.

Demonstration mission for SpaceX’s Project Starfall, which aims to mass-produce reentry capsules designed to autonomously transport valuable customer experiments and other payloads safely back from space to Earth, including for in-orbit manufacturing. 

Starfall is a cylindrical shaped capsule approximately 0.75 meters tall with a diameter of 3.1 meters, weighing approximately 2100 kilograms, and capable of carrying 1000 kilograms of payload. It is designed to be carried on Starship flights.","{'id': 8, 'name': 'Low Earth Orbit', 'abbrev': 'LEO', 'celestial_body': {'response_mode': 'list', 'id': 1, 'name': 'Earth'}}"
1,6301,EscaPADE,Planetary Science,"Second flight of Blue Origin's New Glenn launch vehicle carrying the Escape and Plasma Acceleration and Dynamics Explorers (EscaPADE), a dual-spacecraft mission from University of California, Berkeley to study ion and sputtered escape from Mars. The spacecrafts' scientific goals are to understand the processes controlling the structure of Mars' hybrid magnetosphere and how it guides ion flows; understand how energy and momentum are transported from the solar wind through Mars' magnetosphere; and understand the processes controlling the flow of energy and matter into and out of the collisional atmosphere.","{'id': 19, 'name': 'Mars Orbit', 'abbrev': 'Mars', 'celestial_body': {'response_mode': 'list', 'id': 1, 'name': 'Earth'}}"
2,6301,EscaPADE,Planetary Science,"Second flight of Blue Origin's New Glenn launch vehicle carrying the Escape and Plasma Acceleration and Dynamics Explorers (EscaPADE), a dual-spacecraft mission from University of California, Berkeley to study ion and sputtered escape from Mars. The spacecrafts' scientific goals are to understand the processes controlling the structure of Mars' hybrid magnetosphere and how it guides ion flows; understand how energy and momentum are transported from the solar wind through Mars' magnetosphere; and understand the processes controlling the flow of energy and matter into and out of the collisional atmosphere.","{'id': 19, 'name': 'Mars Orbit', 'abbrev': 'Mars', 'celestial_body': {'response_mode': 'list', 'id': 1, 'name': 'Earth'}}"
3,6218,ViaSat-3 F3 (ViaSat-3 Asia-Pacific),Communications,"The ViaSat-3 is a series of three Ka-band satellites is expected to provide vastly superior capabilities in terms of service speed and flexibility for a satellite platform. Each ViaSat-3 class satellite is expected to deliver more than 1-Terabit per second of network capacity, and to leverage high levels of flexibility to dynamically direct capacity to where customers are located.","{'id': 2, 'name': 'Geostationary Transfer Orbit', 'abbrev': 'GTO', 'celestial_body': {'response_mode': 'list', 'id': 1, 'name': 'Earth'}}"
4,7402,Swift Boost Mission,Mission Extension,"Contracted by NASA under the Small Business Innovation Research Phase 3 contract, Katalyst Space Technologies' LINK servicing spacecraft will rendezvous and attach to NASA’s Neil Gehrels Swift Observatory to re-boost its orbit. This aims to demonstrate a key capability for the future of space exploration and extending the Swift mission’s science lifetime in gamma ray astronomy.","{'id': 8, 'name': 'Low Earth Orbit', 'abbrev': 'LEO', 'celestial_body': {'response_mode': 'list', 'id': 1, 'name': 'Earth'}}"
5,6309,Solar wind Magnetosphere Ionosphere Link Explorer (SMILE),Astrophysics,Joint mission between the European Space Agency and the Chinese Academy of Sciences to investigate the interaction between Earth’s protective shield – the magnetosphere – and the supersonic solar wind.,"{'id': 0, 'name': 'Elliptical Orbit', 'abbrev': 'Elliptical', 'celestial_body': {'response_mode': 'list', 'id': 1, 'name': 'Earth'}}"
6,6255,Sentinel-6B,Earth Science,"The Sentinel-6 Michael Freilich (launched  November 2020) and Sentinel-6B make up the Sentinel-6 mission, also known as Jason Continuity of Service (Jason-CS), which is a partnership between NASA, NOAA, ESA, and EUMETSAT. This mission continues the long-term global sea surface height data record begun by first Jason satellites in 1992.","{'id': 8, 'name': 'Low Earth Orbit', 'abbrev': 'LEO', 'celestial_body': {'response_mode': 'list', 'id': 1, 'name': 'Earth'}}"
7,7022,CO3D & MicroCarb,Earth Science,CO3D is a CNES-Airbus Defence & Space constellation of four small satellites designed to map the globe in 3D from low Earth to serve public and private sector needs. Microcarb is a small satellite designed to map sources and sinks of carbon dioxide (CO2)—the most important greenhouse gas — on a global scale.,"{'id': 17, 'name': 'Sun-Synchronous Orbit', 'abbrev': 'SSO', 'celestial_body': {'response_mode': 'list', 'id': 1, 'name': 'Earth'}}"
8,5920,Metop-SG A1,Earth Science,First of EUMETSAT's second generation of Metop weather satellites.,"{'id': 17, 'name': 'Sun-Synchronous Orbit', 'abbrev': 'SSO', 'celestial_body': {'response_mode': 'list', 'id': 1, 'name': 'Earth'}}"
9,6105,Nancy Grace Roman Space Telescope,Astrophysics,"The Nancy Grace Roman Space Telescope is a NASA infrared space telescope with a 2.4 m (7.9 ft) wide field of view primary mirror and two scientific instruments. The Wide-Field Instrument (WFI) is a 300.8-megapixel multi-band visible and near-infrared camera, providing a sharpness of images comparable to that achieved by the Hubble Space Telescope over a 0.28 square degree field of view, 100 times larger than imaging cameras on the Hubble. The Coronagraphic Instrument (CGI) is a high-contrast, small field of view camera and spectrometer covering visible and near-infrared wavelengths using novel starlight-suppression technology. Roman objectives include a search for extra-solar planets using gravitational microlensing, and probing the expansion history of the Universe and the growth of cosmic structure, with the goal of measuring the effects of dark energy, the consistency of general relativity, and the curvature of spacetime.","{'id': 16, 'name': 'Sun-Earth L2', 'abbrev': 'L2', 'celestial_body': {'response_mode': 'list', 'id': 1, 'name': 'Earth'}}"
10,6237,Sentinel-1D,Earth Science,"Sentinel-1D carries an advanced radar technology to provide an all-weather, day-and-night supply of imagery of Earth’s surface as part of the Sentinel-1 constellation.","{'id': 17, 'name': 'Sun-Synchronous Orbit', 'abbrev': 'SSO', 'celestial_body': {'response_mode': 'list', 'id': 1, 'name': 'Earth'}}"
11,7022,CO3D & MicroCarb,Earth Science,CO3D is a CNES-Airbus Defence & Space constellation of four small satellites designed to map the globe in 3D from low Earth to serve public and private sector needs. Microcarb is a small satellite designed to map sources and sinks of carbon dioxide (CO2)—the most important greenhouse gas — on a global scale.,"{'id': 17, 'name': 'Sun-Synchronous Orbit', 'abbrev': 'SSO', 'celestial_body': {'response_mode': 'list', 'id': 1, 'name': 'Earth'}}"
12,7519,Artemis III,Human Exploration,"Artemis III is the second crew mission as part of the Artemis program. Artemis III will send a crew of 4 on a Low Earth Orbit mission, with the Orion rendezvous and dock with one or both commercial lunar landers in development by SpaceX and Blue Origin, performing in-space tests of the docked vehicles, integrated checkout of life support, communications, and propulsion systems, as well as tests of the new Extravehicular Activity (xEVA) suits.","{'id': 8, 'name': 'Low Earth Orbit', 'abbrev': 'LEO', 'celestial_body': {'response_mode': 'list', 'id': 1, 'name': 'Earth'}}"
13,1113,Starliner-1,Human Exploration,"Starliner-1 is the first operational flight of a Starliner spacecraft to the International Space Station as part of NASA's Commercial Crew Program. Due to problems with the Starliner spacecraft's RCS attitude control system during the Crew Flight Test mission in 2024, this mission has been re-scoped to not carry a crew by NASA. It will instead deliver necessary cargo to the orbital laboratory and allow in-flight validation of the system upgrades implemented following the Crew Flight Test mission last year.","{'id': 8, 'name': 'Low Earth Orbit', 'abbrev': 'LEO', 'celestial_body': {'response_mode': 'list', 'id': 1, 'name': 'Earth'}}"
14,6343,Artemis II,Human Exploration,"Artemis II is the first crewed mission as part of the Artemis program. Artemis II will send a crew of 4 - 3 Americans and 1 Canadian around the moon and return them back to Earth.

The mission will test the core systems of NASA's Orion spacecraft including the critical life support system, among other systems which could not be tested during Artemis I due to the lack of crew onboard.","{'id': 9, 'name': 'Lunar flyby', 'abbrev': 'Lunar flyby', 'celestial_body': {'response_mode': 'list', 'id': 1, 'name': 'Earth'}}"
15,6519,Dream Chaser CRS 2 Flight 1,Test Flight,"First flight of the Dream Chaser Spaceplane, on a free-flying mission in Low Earth Orbit.","{'id': 8, 'name': 'Low Earth Orbit', 'abbrev': 'LEO', 'celestial_body': {'response_mode': 'list', 'id': 1, 'name': 'Earth'}}"
16,5941,Gaganyaan-2,Test Flight,Second uncrewed orbital test flight of the Gaganyaan capsule.,"{'id': 8, 'name': 'Low Earth Orbit', 'abbrev': 'LEO', 'celestial_body': {'response_mode': 'list', 'id': 1, 'name': 'Earth'}}"
17,5942,Gaganyaan-4,Human Exploration,First crewed flight of the Gaganyaan capsule.,"{'id': 8, 'name': 'Low Earth Orbit', 'abbrev': 'LEO', 'celestial_body': {'response_mode': 'list', 'id': 1, 'name': 'Earth'}}"
18,5940,Gaganyaan-1,Test Flight,First uncrewed orbital test flight of the Gaganyaan capsule.,"{'id': 8, 'name': 'Low Earth Orbit', 'abbrev': 'LEO', 'celestial_body': {'response_mode': 'list', 'id': 1, 'name': 'Earth'}}"
19,6365,OTV-8 (X-37B) (USSF-36),Government/Top Secret,"Eighth flight of the X-37B program. 

The X-37B is a dynamic and responsive spacecraft responsible for conducting a range of tests and experiments that expedite the development of critical next-generation technologies and operational concepts for reusable space capabilities.

The OTV-8 mission in Low Earth Orbit includes operational demonstrations and experiments of next-generation technologies, including laser communications and the highest performing strategic grade quantum inertial sensor ever tested in space. Mission partners include the Air Force Research Lab and the Defense Innovation Unit, respectively.","{'id': 8, 'name': 'Low Earth Orbit', 'abbrev': 'LEO', 'celestial_body': {'response_mode': 'list', 'id': 1, 'name': 'Earth'}}"
20,6565,Axiom Space Mission 5,Tourism,This is a Crew Dragon flight for a private company Axiom Space. The mission will carry a professionally trained commander alongside three private astronauts to and from the International Space Station for a month.,"{'id': 8, 'name': 'Low Earth Orbit', 'abbrev': 'LEO', 'celestial_body': {'response_mode': 'list', 'id': 1, 'name': 'Earth'}}"
21,7017,Soyuz MS-28,Human Exploration,"Soyuz MS-28 will carry three cosmonauts and one astronaut to the International Space Station aboard the Soyuz spacecraft from the Baikonur Cosmodrome in Kazakhstan. The crew consists of Roscosmos cosmonauts Sergei Kud-Sverchkov, Sergei Mikayev and Oleg Platonov.","{'id': 8, 'name': 'Low Earth Orbit', 'abbrev': 'LEO', 'celestial_body': {'response_mode': 'list', 'id': 1, 'name': 'Earth'}}"
22,7019,Progress MS-32 (93P),Resupply,Progress resupply mission to the International Space Station.,"{'id': 8, 'name': 'Low Earth Orbit', 'abbrev': 'LEO', 'celestial_body': {'response_mode': 'list', 'id': 1, 'name': 'Earth'}}"
23,7150,Shenzhou 21,Human Exploration,Tenth crewed flight to the Chinese space station.,"{'id': 8, 'name': 'Low Earth Orbit', 'abbrev': 'LEO', 'celestial_body': {'response_mode': 'list', 'id': 1, 'name': 'Earth'}}"
24,6266,Dragon CRS-2 SpX-35,Resupply,"35th commercial resupply services mission to the International Space Station operated by SpaceX. The flight will be conducted under the second Commercial Resupply Services contract with NASA.

Cargo Dragon 2 brings supplies and payloads, including critical materials to directly support science and research investigations that occur onboard the orbiting laboratory.","{'id': 8, 'name': 'Low Earth Orbit', 'abbrev': 'LEO', 'celestial_body': {'response_mode': 'list', 'id': 1, 'name': 'Earth'}}"
25,7195,Gaganyaan-3,Test Flight,Third uncrewed orbital test flight of the Gaganyaan capsule.,"{'id': 8, 'name': 'Low Earth Orbit', 'abbrev': 'LEO', 'celestial_body': {'response_mode': 'list', 'id': 1, 'name': 'Earth'}}"
26,6041,Crew-11,Human Exploration,SpaceX Crew-11 is the eleventh crewed operational flight of a Crew Dragon spacecraft to the International Space Station as part of NASA's Commercial Crew Program.,"{'id': 8, 'name': 'Low Earth Orbit', 'abbrev': 'LEO', 'celestial_body': {'response_mode': 'list', 'id': 1, 'name': 'Earth'}}"
27,6264,Dragon CRS-2 SpX-33,Resupply,"33rd commercial resupply services mission to the International Space Station operated by SpaceX. The flight will be conducted under the second Commercial Resupply Services contract with NASA.

Cargo Dragon 2 brings supplies and payloads, including critical materials to directly support science and research investigations that occur onboard the orbiting laboratory.

The CRS SpX-33 Mission will be the first mission including a boost module inside the dragons trunk for ISS orbit raising.","{'id': 8, 'name': 'Low Earth Orbit', 'abbrev': 'LEO', 'celestial_body': {'response_mode': 'list', 'id': 1, 'name': 'Earth'}}"
28,6270,Cygnus CRS-2 NG-23 (S.S. William “Willie” C. McCool),Resupply,This is the 23rd flight of the Northrop Grumman's uncrewed resupply spacecraft Cygnus and its 22nd flight to the International Space Station under the Commercial Resupply Services contract with NASA.,"{'id': 8, 'name': 'Low Earth Orbit', 'abbrev': 'LEO', 'celestial_body': {'response_mode': 'list', 'id': 1, 'name': 'Earth'}}"
29,7288,Flight 11,Test Flight,11th test flight of the two-stage Starship launch vehicle.,"{'id': 15, 'name': 'Suborbital', 'abbrev': 'Sub', 'celestial_body': {'response_mode': 'list', 'id': 1, 'name': 'Earth'}}"
30,7257,NS-34,Tourism,NS-34 is the 14th crewed flight for the New Shepard program and the 34th in its history.,"{'id': 15, 'name': 'Suborbital', 'abbrev': 'Sub', 'celestial_body': {'response_mode': 'list', 'id': 1, 'name': 'Earth'}}"
31,7277,NS-35,Suborbital,"NS-35 is the 35th flight for the New Shepard program. This flight will fly more than 40 scientific and research payloads to space and back, including 24 experiments from NASA’s TechRise Student Challenge and payloads for Johns Hopkins Applied Physics Laboratory, Oklahoma State University, University of Florida, Carthage College, University of Central Florida, Teledyne, Space Lab Technologies, and Teachers in Space, among others.","{'id': 15, 'name': 'Suborbital', 'abbrev': 'Sub', 'celestial_body': {'response_mode': 'list', 'id': 1, 'name': 'Earth'}}"
32,7245,Soyuz MS-29,Human Exploration,"Soyuz MS-29 will carry three cosmonauts and one astronaut to the International Space Station aboard the Soyuz spacecraft from the Baikonur Cosmodrome in Kazakhstan. The crew consists of Roscosmos cosmonauts Pyotr Dubrov and Anna Kikina, as well as NASA astronaut Anil Menon.","{'id': 8, 'name': 'Low Earth Orbit', 'abbrev': 'LEO', 'celestial_body': {'response_mode': 'list', 'id': 1, 'name': 'Earth'}}"
33,7301,Flight 12,Test Flight,"12th test flight of the two-stage Starship launch vehicle. Maiden Flight of Starship V3.

The flight test’s primary goal will be to demonstrate each of these new pieces in the flight environment for the first time, with each element of the Starship architecture featuring significant redesigns to enable full and rapid reuse that incorporate learnings from years of development and test.

The Starship upper stage will target multiple in-space and reentry objectives, including a payload deployment of 20 Starlink simulators, similar in size to next-generation Starlink V3 satellites, and two specially modified Starlink satellites. The two modified satellites will test hardware planned for Starlink V3 and will attempt to scan Starship’s heat shield and transmit imagery down to operators to test methods of analyzing Starship’s heat shield readiness for return to launch site on future missions. Several tiles on Starship have been painted white to simulate missing tiles and serve as imaging targets in the test. The Starlink simulators will be on the same suborbital trajectory as Starship. A relight of a single Raptor engine while in space is also planned.

For Starship entry, a single heat shield tile has been intentionally removed to measure the aerodynamic load differences on adjacent tiles when there is a tile missing. Finally, the ship will perform experimental actions tested on previous flight tests, including a maneuver to intentionally stress the structural limits of the vehicle’s rear flaps and a dynamic banking maneuver to mimic the trajectory that future missions returning to Starbase will fly.","{'id': 15, 'name': 'Suborbital', 'abbrev': 'Sub', 'celestial_body': {'response_mode': 'list', 'id': 1, 'name': 'Earth'}}"
34,7358,NS-37,Tourism,NS-37 is the 16th crewed flight for the New Shepard program and the 37th in the New Shepard program's history.,"{'id': 15, 'name': 'Suborbital', 'abbrev': 'Sub', 'celestial_body': {'response_mode': 'list', 'id': 1, 'name': 'Earth'}}"
35,7236,Flight 10,Test Flight,10th test flight of the two-stage Starship launch vehicle.,"{'id': 15, 'name': 'Suborbital', 'abbrev': 'Sub', 'celestial_body': {'response_mode': 'list', 'id': 1, 'name': 'Earth'}}"
36,7321,NS-36,Tourism,NS-36 is the 15th crewed flight for the New Shepard program and the 36th in the New Shepard program's history.,"{'id': 15, 'name': 'Suborbital', 'abbrev': 'Sub', 'celestial_body': {'response_mode': 'list', 'id': 1, 'name': 'Earth'}}"
37,5860,HTV-X1,Resupply,First flight of the upgraded Japanese HTV-X spacecraft designed to resupply the International Space Station.,"{'id': 8, 'name': 'Low Earth Orbit', 'abbrev': 'LEO', 'celestial_body': {'response_mode': 'list', 'id': 1, 'name': 'Earth'}}"
38,7397,Shenzhou 22,Human Exploration,"Shenzhou 22 (Chinese: 神舟二十二号) will be the 22nd flight of the Shenzhou program. The spacecraft will be launched without crew to replace Shenzhou 20 that was damaged by orbital debris on the descent module porthole window, and thus deemed unsuitable for crew re-entry. The spacecraft will later return three Chinese astronauts on the 10th flight to the Chinese Space Station back to Earth, after launching on Shenzhou 21.","{'id': 8, 'name': 'Low Earth Orbit', 'abbrev': 'LEO', 'celestial_body': {'response_mode': 'list', 'id': 1, 'name': 'Earth'}}"
39,7502,Chinese Reusable Space Vehicle,Government/Top Secret,4th flight of the Chinese spaceplane capable of returning to Earth.,"{'id': 8, 'name': 'Low Earth Orbit', 'abbrev': 'LEO', 'celestial_body': {'response_mode': 'list', 'id': 1, 'name': 'Earth'}}"
40,7472,NS-38,Tourism,NS-38 is the 17th crewed flight for the New Shepard program and the 38th in the New Shepard program's history.,"{'id': 15, 'name': 'Suborbital', 'abbrev': 'Sub', 'celestial_body': {'response_mode': 'list', 'id': 1, 'name': 'Earth'}}"
41,7491,Shenzhou 23,Human Exploration,Shenzhou 23 will be the 23rd flight of the Shenzhou program.,"{'id': 8, 'name': 'Low Earth Orbit', 'abbrev': 'LEO', 'celestial_body': {'response_mode': 'list', 'id': 1, 'name': 'Earth'}}"
42,6042,Crew-12,Human Exploration,SpaceX Crew-12 is the twelfth crewed operational flight of a Crew Dragon spacecraft to the International Space Station as part of NASA's Commercial Crew Program.,"{'id': 8, 'name': 'Low Earth Orbit', 'abbrev': 'LEO', 'celestial_body': {'response_mode': 'list', 'id': 1, 'name': 'Earth'}}"
43,7450,Progress MS-34 (95P),Resupply,Progress resupply mission to the International Space Station.,"{'id': 8, 'name': 'Low Earth Orbit', 'abbrev': 'LEO', 'celestial_body': {'response_mode': 'list', 'id': 1, 'name': 'Earth'}}"
44,7020,Progress MS-33 (94P),Resupply,Progress resupply mission to the International Space Station.,"{'id': 8, 'name': 'Low Earth Orbit', 'abbrev': 'LEO', 'celestial_body': {'response_mode': 'list', 'id': 1, 'name': 'Earth'}}"
45,6271,Cygnus CRS-2 NG-24 (S.S. Steven R. Nagel),Resupply,This is the 24th flight of the Orbital ATK's uncrewed resupply spacecraft Cygnus and its 23rd flight to the International Space Station under the Commercial Resupply Services contract with NASA.,"{'id': 8, 'name': 'Low Earth Orbit', 'abbrev': 'LEO', 'celestial_body': {'response_mode': 'list', 'id': 1, 'name': 'Earth'}}"
46,6043,Crew-13,Human Exploration,SpaceX Crew-13 is the thirteenth crewed operational flight of a Crew Dragon spacecraft to the International Space Station as part of NASA's Commercial Crew Program.,"{'id': 8, 'name': 'Low Earth Orbit', 'abbrev': 'LEO', 'celestial_body': {'response_mode': 'list', 'id': 1, 'name': 'Earth'}}"
47,7607,Tianzhou-10,Resupply,Ninth cargo delivery mission to the Chinese space station.,"{'id': 8, 'name': 'Low Earth Orbit', 'abbrev': 'LEO', 'celestial_body': {'response_mode': 'list', 'id': 1, 'name': 'Earth'}}"
48,6265,Dragon CRS-2 SpX-34,Resupply,"34th commercial resupply services mission to the International Space Station operated by SpaceX. The flight will be conducted under the second Commercial Resupply Services contract with NASA.

Cargo Dragon 2 brings supplies and payloads, including critical materials to directly support science and research investigations that occur onboard the orbiting laboratory.","{'id': 8, 'name': 'Low Earth Orbit', 'abbrev': 'LEO', 'celestial_body': {'response_mode': 'list', 'id': 1, 'name': 'Earth'}}"
49,7470,Flight 13,Test Flight,"13th test flight of the two-stage Starship launch vehicle. Second flight of Starship V3.

For the first time, Starship will carry 20 V3 Starlink satellites to space, which will extend solar arrays and antennas and will attempt to connect with ground stations in South Africa and the larger Starlink constellation via high-capacity lasers. 

6 of the satellites have been modified with a suite of cameras to scan Starship’s heat shield and transmit imagery down to operators to continue testing methods of analyzing Starship’s heat shield readiness for return to launch site on future missions. Several tiles on Starship have been painted white to simulate missing tiles and serve as imaging targets in the test.","{'id': 15, 'name': 'Suborbital', 'abbrev': 'Sub', 'celestial_body': {'response_mode': 'list', 'id': 1, 'name': 'Earth'}}"
50,6670,Amazon Leo (KF-02),Communications,"Second of a three launches contract for Amazon's Kuiper low Earth orbit satellite internet constellation, with 24 satellites on board.

Amazon Leo, formerly known as Project Kuiper, is a mega constellation of satellites in Low Earth Orbit that will offer broadband internet access, this constellation will be managed by Kuiper Systems LLC, a subsidiary of Amazon. This constellation is planned to be composed of 3,276 satellites. The satellites are projected to be placed in 98 orbital planes in three orbital layers, one at 590 km, 610 km and 630 km altitude.","{'id': 8, 'name': 'Low Earth Orbit', 'abbrev': 'LEO', 'celestial_body': {'response_mode': 'list', 'id': 1, 'name': 'Earth'}}"
51,5920,Metop-SG A1,Earth Science,First of EUMETSAT's second generation of Metop weather satellites.,"{'id': 17, 'name': 'Sun-Synchronous Orbit', 'abbrev': 'SSO', 'celestial_body': {'response_mode': 'list', 'id': 1, 'name': 'Earth'}}"
52,1141,USSF-106,Government/Top Secret,"USSF-106 is a mission for the United States Space Force. The launch will deploy various payloads directly into geosynchronous orbit, including the NTS-3 (Navigation Technology Satellite 3), a demonstration navigation satellite testing a new digital signal generator that can be reprogrammed on-orbit to broadcast new signals, improve performance by avoiding and defeating interference, and adding signatures for detecting spoofing attacks.","{'id': 3, 'name': 'Geosynchronous Orbit', 'abbrev': 'GSO', 'celestial_body': {'response_mode': 'list', 'id': 1, 'name': 'Earth'}}"
53,7270,SatNet LEO Group 08,Communications,"A batch of 10 Low Earth Orbit communication satellites for the Chinese state owned SatNet constellation operated by the China Satellite Network Group.

The constellation will eventually consists of 13000 satellites.","{'id': 13, 'name': 'Polar Orbit', 'abbrev': 'PO', 'celestial_body': {'response_mode': 'list', 'id': 1, 'name': 'Earth'}}"
54,7260,Starlink Group 17-4,Communications,A batch of 24 satellites for the Starlink mega-constellation - SpaceX's project for space-based Internet communication system.,"{'id': 8, 'name': 'Low Earth Orbit', 'abbrev': 'LEO', 'celestial_body': {'response_mode': 'list', 'id': 1, 'name': 'Earth'}}"
55,7264,Starlink Group 10-20,Communications,A batch of 28 satellites for the Starlink mega-constellation - SpaceX's project for space-based Internet communication system.,"{'id': 8, 'name': 'Low Earth Orbit', 'abbrev': 'LEO', 'celestial_body': {'response_mode': 'list', 'id': 1, 'name': 'Earth'}}"
56,7271,4 x SatNet test satellites,Communications,"Officially described as ""Satellite-Internet Technology Demonstration Satellite(s)"".

Probably 4 test satellites for the Chinese state-owned LEO communication satellite constellation SatNet.","{'id': 8, 'name': 'Low Earth Orbit', 'abbrev': 'LEO', 'celestial_body': {'response_mode': 'list', 'id': 1, 'name': 'Earth'}}"
57,7274,Shiyan 28 B-02,Government/Top Secret,"Satellite officially named for ""space environment detection"" purposes, exact details unknown.","{'id': 8, 'name': 'Low Earth Orbit', 'abbrev': 'LEO', 'celestial_body': {'response_mode': 'list', 'id': 1, 'name': 'Earth'}}"
58,7273,SatNet LEO Group 09,Communications,"A batch of 5 Low Earth Orbit communication satellites for the Chinese state owned SatNet constellation operated by the China Satellite Network Group.

The constellation will eventually consists of 13000 satellites.","{'id': 13, 'name': 'Polar Orbit', 'abbrev': 'PO', 'celestial_body': {'response_mode': 'list', 'id': 1, 'name': 'Earth'}}"
59,7266,Starlink Group 17-5,Communications,A batch of 24 satellites for the Starlink mega-constellation - SpaceX's project for space-based Internet communication system.,"{'id': 8, 'name': 'Low Earth Orbit', 'abbrev': 'LEO', 'celestial_body': {'response_mode': 'list', 'id': 1, 'name': 'Earth'}}"
60,7272,7 satellites,Technology,"A share ride mission of 7 various Earth observation and technological demonstration satellites:

* AIRSAT-05/Haishao-2
* Tianyan 26
* Duogongneng Shiyan-2 01-03
* ThumbSat-1/2 (Mexico)","{'id': 17, 'name': 'Sun-Synchronous Orbit', 'abbrev': 'SSO', 'celestial_body': {'response_mode': 'list', 'id': 1, 'name': 'Earth'}}"
61,6637,Bion-M No. 2,Biology,"Bion-M is the next generation of Russian biological research satellites. While retaining the Vostok/Zenit-derived reentry module of the earlier Bion, the propulsion module has been replace by a Yantar type module, which provides maneuvering capabilities and longer mission support. The mission duration has been increased to up to 6 months by using solar cells for energy generation. The weight of scientific equipment has been increased by 100 kilograms.","{'id': 8, 'name': 'Low Earth Orbit', 'abbrev': 'LEO', 'celestial_body': {'response_mode': 'list', 'id': 1, 'name': 'Earth'}}"
62,7275,Kosmos 2591-2594,Government/Top Secret,4 classified satellites for the Russian military.,"{'id': 13, 'name': 'Polar Orbit', 'abbrev': 'PO', 'celestial_body': {'response_mode': 'list', 'id': 1, 'name': 'Earth'}}"
63,6365,OTV-8 (X-37B) (USSF-36),Government/Top Secret,"Eighth flight of the X-37B program. 

The X-37B is a dynamic and responsive spacecraft responsible for conducting a range of tests and experiments that expedite the development of critical next-generation technologies and operational concepts for reusable space capabilities.

The OTV-8 mission in Low Earth Orbit includes operational demonstrations and experiments of next-generation technologies, including laser communications and the highest performing strategic grade quantum inertial sensor ever tested in space. Mission partners include the Air Force Research Lab and the Defense Innovation Unit, respectively.","{'id': 8, 'name': 'Low Earth Orbit', 'abbrev': 'LEO', 'celestial_body': {'response_mode': 'list', 'id': 1, 'name': 'Earth'}}"
64,7267,Starlink Group 17-6,Communications,A batch of 24 satellites for the Starlink mega-constellation - SpaceX's project for space-based Internet communication system.,"{'id': 8, 'name': 'Low Earth Orbit', 'abbrev': 'LEO', 'celestial_body': {'response_mode': 'list', 'id': 1, 'name': 'Earth'}}"
65,7278,"Live, Laugh, Launch (Calistus A-E)",Communications,"'Live, Laugh, Launch' is the second of two dedicated missions on Electron for a confidential customer in 2025. This mission deployed 5 satellites to a 655 km circular Earth orbit identified as “Calistus A to E”, identified as most likely for Low Earth Orbit communication satellite constellation operator E-Space.","{'id': 17, 'name': 'Sun-Synchronous Orbit', 'abbrev': 'SSO', 'celestial_body': {'response_mode': 'list', 'id': 1, 'name': 'Earth'}}"
66,6264,Dragon CRS-2 SpX-33,Resupply,"33rd commercial resupply services mission to the International Space Station operated by SpaceX. The flight will be conducted under the second Commercial Resupply Services contract with NASA.

Cargo Dragon 2 brings supplies and payloads, including critical materials to directly support science and research investigations that occur onboard the orbiting laboratory.

The CRS SpX-33 Mission will be the first mission including a boost module inside the dragons trunk for ISS orbit raising.","{'id': 8, 'name': 'Low Earth Orbit', 'abbrev': 'LEO', 'celestial_body': {'response_mode': 'list', 'id': 1, 'name': 'Earth'}}"
67,7276,SatNet LEO Group 10,Communications,"A batch of 9 Low Earth Orbit communication satellites for the Chinese state owned SatNet constellation operated by the China Satellite Network Group.

The constellation will eventually consists of 13000 satellites.","{'id': 8, 'name': 'Low Earth Orbit', 'abbrev': 'LEO', 'celestial_body': {'response_mode': 'list', 'id': 1, 'name': 'Earth'}}"
68,6777,NAOS,Government/Top Secret,"NAOS (National Advanced Optical System) is the space component of Luxembourg's governmental dual-use observation satellite system LUXEOSys (Luxembourg Earth Observation System). Its purpose is to provide high resolution images to national and international governmental and military organizations such as NATO.

The 800 kg satellite is built by OHB Italia and is equipped with a very high-resolution optical camera with a ground reolution of 50 cm in an around 450 km high sun-synchronous orbit. It will have a operational life time of 7 years.

Also on board the launch is Dhruva Space's LEAP-1; Planet's Pelican-3 and Pelican-4; and Exolaunch’s Acadia-6, FFLY-1, FFLY-2, and FFLY-3.","{'id': 17, 'name': 'Sun-Synchronous Orbit', 'abbrev': 'SSO', 'celestial_body': {'response_mode': 'list', 'id': 1, 'name': 'Earth'}}"
69,7236,Flight 10,Test Flight,10th test flight of the two-stage Starship launch vehicle.,"{'id': 15, 'name': 'Suborbital', 'abbrev': 'Sub', 'celestial_body': {'response_mode': 'list', 'id': 1, 'name': 'Earth'}}"
70,7279,Starlink Group 10-56,Communications,A batch of 28 satellites for the Starlink mega-constellation - SpaceX's project for space-based Internet communication system.,"{'id': 8, 'name': 'Low Earth Orbit', 'abbrev': 'LEO', 'celestial_body': {'response_mode': 'list', 'id': 1, 'name': 'Earth'}}"
71,7265,Starlink Group 10-11,Communications,A batch of 28 satellites for the Starlink mega-constellation - SpaceX's project for space-based Internet communication system.,"{'id': 8, 'name': 'Low Earth Orbit', 'abbrev': 'LEO', 'celestial_body': {'response_mode': 'list', 'id': 1, 'name': 'Earth'}}"
72,7269,Starlink Group 17-7,Communications,A batch of 24 satellites for the Starlink mega-constellation - SpaceX's project for space-based Internet communication system.,"{'id': 8, 'name': 'Low Earth Orbit', 'abbrev': 'LEO', 'celestial_body': {'response_mode': 'list', 'id': 1, 'name': 'Earth'}}"
73,7280,Starlink Group 10-14,Communications,A batch of 28 satellites for the Starlink mega-constellation - SpaceX's project for space-based Internet communication system.,"{'id': 8, 'name': 'Low Earth Orbit', 'abbrev': 'LEO', 'celestial_body': {'response_mode': 'list', 'id': 1, 'name': 'Earth'}}"
74,7289,Ofek-19,Government/Top Secret,Ofek-19 is an Israeli SAR (Synthetic Aperture Radar) reconnaissance satellite with enhanced capabilities.,"{'id': 8, 'name': 'Low Earth Orbit', 'abbrev': 'LEO', 'celestial_body': {'response_mode': 'list', 'id': 1, 'name': 'Earth'}}"
75,7281,Starlink Group 17-8,Communications,A batch of 24 satellites for the Starlink mega-constellation - SpaceX's project for space-based Internet communication system.,"{'id': 8, 'name': 'Low Earth Orbit', 'abbrev': 'LEO', 'celestial_body': {'response_mode': 'list', 'id': 1, 'name': 'Earth'}}"
76,7282,Starlink Group 10-22,Communications,A batch of 28 satellites for the Starlink mega-constellation - SpaceX's project for space-based Internet communication system.,"{'id': 8, 'name': 'Low Earth Orbit', 'abbrev': 'LEO', 'celestial_body': {'response_mode': 'list', 'id': 1, 'name': 'Earth'}}"
77,7290,Shiyan 29,Government/Top Secret,"Satellite officially named for ""space environment detection"" purposes, exact details unknown.","{'id': 3, 'name': 'Geosynchronous Orbit', 'abbrev': 'GSO', 'celestial_body': {'response_mode': 'list', 'id': 1, 'name': 'Earth'}}"
78,7291,3 satellites,Technology,"Carried 3 satellites to Sun-synchronous orbit:

* Kaiyun-1
* Yuxing-3-08
* Yunyao-27","{'id': 17, 'name': 'Sun-Synchronous Orbit', 'abbrev': 'SSO', 'celestial_body': {'response_mode': 'list', 'id': 1, 'name': 'Earth'}}"
79,7286,Starlink Group 10-57,Communications,A batch of 28 satellites for the Starlink mega-constellation - SpaceX's project for space-based Internet communication system.,"{'id': 8, 'name': 'Low Earth Orbit', 'abbrev': 'LEO', 'celestial_body': {'response_mode': 'list', 'id': 1, 'name': 'Earth'}}"
80,7292,Yaogan 40 Group 03,Government/Top Secret,"3 Chinese reconnaissance satellites of unknown purposes, officially reported as for ""Electromagnetic environment probing"".","{'id': 13, 'name': 'Polar Orbit', 'abbrev': 'PO', 'celestial_body': {'response_mode': 'list', 'id': 1, 'name': 'Earth'}}"
81,7287,Starlink Group 17-9,Communications,A batch of 24 satellites for the Starlink mega-constellation - SpaceX's project for space-based Internet communication system.,"{'id': 8, 'name': 'Low Earth Orbit', 'abbrev': 'LEO', 'celestial_body': {'response_mode': 'list', 'id': 1, 'name': 'Earth'}}"
82,7295,Geely Constellation Group 05,Communications,11 LEO communications satellites for Chinese car manufacturer Geely Automotive for testing autonomous driving/inter-vehicle communication services. They also carry payloads for ocean observation.,"{'id': 8, 'name': 'Low Earth Orbit', 'abbrev': 'LEO', 'celestial_body': {'response_mode': 'list', 'id': 1, 'name': 'Earth'}}"
83,7296,Yaogan 45,Government/Top Secret,A Chinese military “remote sensing” satellite of unknown purposes.,"{'id': 12, 'name': 'Medium Earth Orbit', 'abbrev': 'MEO', 'celestial_body': {'response_mode': 'list', 'id': 1, 'name': 'Earth'}}"
84,6401,SDA Tranche 1 Transport Layer B,Government/Top Secret,"Tranche 1 Transport Layer B is one of six missions by the United States Space Force Space Development Agency (SDA) for the Proliferated Warfighter Space Architecture (PWSA) Tranche 1 Transport Layer constellation, which will provide assured, resilient, low-latency military data and connectivity worldwide to the full range of warfighter platforms from Low Earth Orbit satellites.

The constellation will be interconnected with Optical Inter-Satellite Links (OISLs) which have significantly increased performance over existing radio frequency crosslinks. It is expected to operate over Ka band, have stereo coverage and be dynamically networked for simpler hand-offs, greater bandwidth and fault tolerance.

This launch carries 21 satellites manufactured by York Space Systems.","{'id': 13, 'name': 'Polar Orbit', 'abbrev': 'PO', 'celestial_body': {'response_mode': 'list', 'id': 1, 'name': 'Earth'}}"
85,7019,Progress MS-32 (93P),Resupply,Progress resupply mission to the International Space Station.,"{'id': 8, 'name': 'Low Earth Orbit', 'abbrev': 'LEO', 'celestial_body': {'response_mode': 'list', 'id': 1, 'name': 'Earth'}}"
86,5972,Nusantara Lima,Communications,Nusantara Lima is an Indonesian geostationary communications satellite with a capacity of more than 160 Gbps.,"{'id': 2, 'name': 'Geostationary Transfer Orbit', 'abbrev': 'GTO', 'celestial_body': {'response_mode': 'list', 'id': 1, 'name': 'Earth'}}"
87,6706,Glonass-K1 No. 18 (Kosmos 2595) & Kosmos 2596,Navigation,"Glonass-K1 are the third generation of satellite design for GLONASS satellite navigation system. GLONASS is a Russian space-based navigation system comparable to the similar GPS and Galileo systems. This generation improves on accuracy, power consumption and design life. Each satellite is unpressurized and weighs 935 kg,  and has an operational lifetime of 10 years.

This launch also carries Mozhayets-6 (Kosmos 2596), a small experimental satellite built by the Mozhaiskiy Military Space Academy of St. Petersburg.","{'id': 12, 'name': 'Medium Earth Orbit', 'abbrev': 'MEO', 'celestial_body': {'response_mode': 'list', 'id': 1, 'name': 'Earth'}}"
88,7293,Starlink Group 17-10,Communications,A batch of 24 satellites for the Starlink mega-constellation - SpaceX's project for space-based Internet communication system.,"{'id': 8, 'name': 'Low Earth Orbit', 'abbrev': 'LEO', 'celestial_body': {'response_mode': 'list', 'id': 1, 'name': 'Earth'}}"
89,6270,Cygnus CRS-2 NG-23 (S.S. William “Willie” C. McCool),Resupply,This is the 23rd flight of the Northrop Grumman's uncrewed resupply spacecraft Cygnus and its 22nd flight to the International Space Station under the Commercial Resupply Services contract with NASA.,"{'id': 8, 'name': 'Low Earth Orbit', 'abbrev': 'LEO', 'celestial_body': {'response_mode': 'list', 'id': 1, 'name': 'Earth'}}"
90,7298,4 x SatNet test satellites,Communications,"Officially described as ""Satellite-Internet Technology Demonstration Satellite(s)"".

Probably 4 test satellites for the Chinese state-owned LEO communication satellite constellation SatNet.","{'id': 8, 'name': 'Low Earth Orbit', 'abbrev': 'LEO', 'celestial_body': {'response_mode': 'list', 'id': 1, 'name': 'Earth'}}"
91,7299,Starlink Group 10-61,Communications,A batch of 28 satellites for the Starlink mega-constellation - SpaceX's project for space-based Internet communication system.,"{'id': 8, 'name': 'Low Earth Orbit', 'abbrev': 'LEO', 'celestial_body': {'response_mode': 'list', 'id': 1, 'name': 'Earth'}}"
92,7277,NS-35,Suborbital,"NS-35 is the 35th flight for the New Shepard program. This flight will fly more than 40 scientific and research payloads to space and back, including 24 experiments from NASA’s TechRise Student Challenge and payloads for Johns Hopkins Applied Physics Laboratory, Oklahoma State University, University of Florida, Carthage College, University of Central Florida, Teledyne, Space Lab Technologies, and Teachers in Space, among others.","{'id': 15, 'name': 'Suborbital', 'abbrev': 'Sub', 'celestial_body': {'response_mode': 'list', 'id': 1, 'name': 'Earth'}}"
93,7297,Starlink Group 17-12,Communications,A batch of 24 satellites for the Starlink mega-constellation - SpaceX's project for space-based Internet communication system.,"{'id': 8, 'name': 'Low Earth Orbit', 'abbrev': 'LEO', 'celestial_body': {'response_mode': 'list', 'id': 1, 'name': 'Earth'}}"
94,7300,Starlink Group 10-27,Communications,A batch of 28 satellites for the Starlink mega-constellation - SpaceX's project for space-based Internet communication system.,"{'id': 8, 'name': 'Low Earth Orbit', 'abbrev': 'LEO', 'celestial_body': {'response_mode': 'list', 'id': 1, 'name': 'Earth'}}"
95,7113,NROL-48,Government/Top Secret,Eleventh batch of satellites for a reconnaissance satellite constellation built by SpaceX and Northrop Grumman for the National Reconnaissance Office to provide imaging and other reconnaissance capabilities.,"{'id': 25, 'name': 'Unknown', 'abbrev': 'N/A', 'celestial_body': {'response_mode': 'list', 'id': 1, 'name': 'Earth'}}"
96,7304,JENNA,Government/Top Secret,"Sub-orbital launch under Rocket Lab’s Hypersonic Accelerator Suborbital Test Electron (HASTE) program, details TBD.","{'id': 15, 'name': 'Suborbital', 'abbrev': 'Sub', 'celestial_body': {'response_mode': 'list', 'id': 1, 'name': 'Earth'}}"
97,6997,Geely Constellation Group 06,Communications,12 LEO communications satellites for Chinese car manufacturer Geely Automotive for testing autonomous driving/inter-vehicle communication services. They also carry payloads for ocean observation.,"{'id': 8, 'name': 'Low Earth Orbit', 'abbrev': 'LEO', 'celestial_body': {'response_mode': 'list', 'id': 1, 'name': 'Earth'}}"
98,5854,IMAP & others,Heliophysics,"IMAP (Interstellar Mapping and Acceleration Probe) is a NASA mission to study interactions between solar wind and the local interstellar medium. Carrying a suite of 10 scientific instruments, IMAP is able to investigate how particles are accelerated, determine their composition, as well as help to advance space weather forecasting models.

The IMAP launch also includes the space weather satellite SWFO-L1 (Space Weather Follow-On - L1) for NOAA and the GLIDE (Global Lyman-alpha Imagers of the Dynamic Exosphere/Carruthers Geocorona Observatory) mission to study far ultraviolet emission in the Earth's exosphere.","{'id': 5, 'name': 'Heliocentric L1', 'abbrev': 'L1-point', 'celestial_body': {'response_mode': 'list', 'id': 1, 'name': 'Earth'}}"
99,7306,Starlink Group 10-15,Communications,A batch of 28 satellites for the Starlink mega-constellation - SpaceX's project for space-based Internet communication system.,"{'id': 8, 'name': 'Low Earth Orbit', 'abbrev': 'LEO', 'celestial_body': {'response_mode': 'list', 'id': 1, 'name': 'Earth'}}"
100,5995,Amazon Leo (KA-03),Communications,"Amazon Leo, formerly known as Project Kuiper, is a mega constellation of satellites in Low Earth Orbit that will offer broadband internet access, this constellation will be managed by Kuiper Systems LLC, a subsidiary of Amazon. This constellation is planned to be composed of 3,276 satellites. The satellites are projected to be placed in 98 orbital planes in three orbital layers, one at 590 km, 610 km and 630 km altitude.

27 satellites are carried on this launch.","{'id': 8, 'name': 'Low Earth Orbit', 'abbrev': 'LEO', 'celestial_body': {'response_mode': 'list', 'id': 1, 'name': 'Earth'}}"
101,7305,Starlink Group 17-11,Communications,A batch of 24 satellites for the Starlink mega-constellation - SpaceX's project for space-based Internet communication system.,"{'id': 8, 'name': 'Low Earth Orbit', 'abbrev': 'LEO', 'celestial_body': {'response_mode': 'list', 'id': 1, 'name': 'Earth'}}"
102,7285,Fengyun-3H,Earth Science,"The Fengyun-3 (FY-3) series is the 2nd generation of Chinese polar-orbiting meteorological satellites, following on from the FY-1 series. The series has been developed collaboratively by CMA (Chinese Meteorological Administration) and CNSA (China National Space Administration).

The FY-3 series’ objectives are to provide global measurements of 3-D temperature and moisture soundings, cloud and precipitation parameters, meteorological and hydrological events, biosphere anomalies and geophysical parameters in support of global change and climate monitoring.","{'id': 17, 'name': 'Sun-Synchronous Orbit', 'abbrev': 'SSO', 'celestial_body': {'response_mode': 'list', 'id': 1, 'name': 'Earth'}}"
103,7316,SatNet LEO Group 11,Communications,"A batch of 5 Low Earth Orbit communication satellites for the Chinese state owned SatNet constellation operated by the China Satellite Network Group.

The constellation will eventually consists of 13000 satellites.","{'id': 13, 'name': 'Polar Orbit', 'abbrev': 'PO', 'celestial_body': {'response_mode': 'list', 'id': 1, 'name': 'Earth'}}"
104,7313,Starlink Group 11-20,Communications,A batch of 28 satellites for the Starlink mega-constellation - SpaceX's project for space-based Internet communication system.,"{'id': 8, 'name': 'Low Earth Orbit', 'abbrev': 'LEO', 'celestial_body': {'response_mode': 'list', 'id': 1, 'name': 'Earth'}}"
105,7320,Shiyan 30 01-02,Government/Top Secret,"A pair of Chinese satellites reported to be for ""Earth observation technological testing and validation"" purposes. Actual usage not known.","{'id': 8, 'name': 'Low Earth Orbit', 'abbrev': 'LEO', 'celestial_body': {'response_mode': 'list', 'id': 1, 'name': 'Earth'}}"
106,7252,JUSTIN,Government/Top Secret,"Sub-orbital launch under Rocket Lab’s Hypersonic Accelerator Suborbital Test Electron (HASTE) program, details TBD.","{'id': 15, 'name': 'Suborbital', 'abbrev': 'Sub', 'celestial_body': {'response_mode': 'list', 'id': 1, 'name': 'Earth'}}"
107,7317,Starlink Group 11-39,Communications,A batch of 28 satellites for the Starlink mega-constellation - SpaceX's project for space-based Internet communication system.,"{'id': 8, 'name': 'Low Earth Orbit', 'abbrev': 'LEO', 'celestial_body': {'response_mode': 'list', 'id': 1, 'name': 'Earth'}}"
108,7315,Starlink Group 10-59,Communications,A batch of 28 satellites for the Starlink mega-constellation - SpaceX's project for space-based Internet communication system.,"{'id': 8, 'name': 'Low Earth Orbit', 'abbrev': 'LEO', 'celestial_body': {'response_mode': 'list', 'id': 1, 'name': 'Earth'}}"
109,7324,Starlink Group 11-17,Communications,A batch of 28 satellites for the Starlink mega-constellation - SpaceX's project for space-based Internet communication system.,"{'id': 8, 'name': 'Low Earth Orbit', 'abbrev': 'LEO', 'celestial_body': {'response_mode': 'list', 'id': 1, 'name': 'Earth'}}"
110,7321,NS-36,Tourism,NS-36 is the 15th crewed flight for the New Shepard program and the 36th in the New Shepard program's history.,"{'id': 15, 'name': 'Suborbital', 'abbrev': 'Sub', 'celestial_body': {'response_mode': 'list', 'id': 1, 'name': 'Earth'}}"
111,7350,3 satellites,Earth Science,"Carried 3 satellites to sun-synchronous orbit, including the Earth observation satellite Jilin-1 Wideband-02B-07. Details TBD.","{'id': 17, 'name': 'Sun-Synchronous Orbit', 'abbrev': 'SSO', 'celestial_body': {'response_mode': 'list', 'id': 1, 'name': 'Earth'}}"
112,7357,Shiyan 31,Government/Top Secret,"Chinese satellite reported to be for ""new optical imaging technological demonstration"" purposes. Actual usage not known.","{'id': 13, 'name': 'Polar Orbit', 'abbrev': 'PO', 'celestial_body': {'response_mode': 'list', 'id': 1, 'name': 'Earth'}}"
113,7288,Flight 11,Test Flight,11th test flight of the two-stage Starship launch vehicle.,"{'id': 15, 'name': 'Suborbital', 'abbrev': 'Sub', 'celestial_body': {'response_mode': 'list', 'id': 1, 'name': 'Earth'}}"
114,6671,Amazon Leo (KF-03),Communications,"Third of a three launches contract for Amazon's Kuiper low Earth orbit satellite internet constellation, with 24 satellites on board.

Amazon Leo, formerly known as Project Kuiper, is a mega constellation of satellites in Low Earth Orbit that will offer broadband internet access, this constellation will be managed by Kuiper Systems LLC, a subsidiary of Amazon. This constellation is planned to be composed of 3,276 satellites. The satellites are projected to be placed in 98 orbital planes in three orbital layers, one at 590 km, 610 km and 630 km altitude.","{'id': 8, 'name': 'Low Earth Orbit', 'abbrev': 'LEO', 'celestial_body': {'response_mode': 'list', 'id': 1, 'name': 'Earth'}}"
115,6844,Owl New World (StriX Launch 7),Earth Science,Synthetic aperture radar satellite for Japanese Earth imaging company Synspective.,"{'id': 8, 'name': 'Low Earth Orbit', 'abbrev': 'LEO', 'celestial_body': {'response_mode': 'list', 'id': 1, 'name': 'Earth'}}"
116,6402,SDA Tranche 1 Transport Layer C,Government/Top Secret,"Tranche 1 Transport Layer C is one of six missions by the United States Space Force Space Development Agency (SDA) for the Proliferated Warfighter Space Architecture (PWSA) Tranche 1 Transport Layer constellation, which will provide assured, resilient, low-latency military data and connectivity worldwide to the full range of warfighter platforms from Low Earth Orbit satellites.

The constellation will be interconnected with Optical Inter-Satellite Links (OISLs) which have significantly increased performance over existing radio frequency crosslinks. It is expected to operate over Ka band, have stereo coverage and be dynamically networked for simpler hand-offs, greater bandwidth and fault tolerance.

This launch carries 21 satellites manufactured by Lockheed Martin.","{'id': 13, 'name': 'Polar Orbit', 'abbrev': 'PO', 'celestial_body': {'response_mode': 'list', 'id': 1, 'name': 'Earth'}}"
117,7325,SatNet LEO Group 12,Communications,"A batch of 9 Low Earth Orbit communication satellites for the Chinese state owned SatNet constellation operated by the China Satellite Network Group.

The constellation will eventually consists of 13000 satellites.","{'id': 8, 'name': 'Low Earth Orbit', 'abbrev': 'LEO', 'celestial_body': {'response_mode': 'list', 'id': 1, 'name': 'Earth'}}"
118,7323,Starlink Group 10-52,Communications,A batch of 28 satellites for the Starlink mega-constellation - SpaceX's project for space-based Internet communication system.,"{'id': 8, 'name': 'Low Earth Orbit', 'abbrev': 'LEO', 'celestial_body': {'response_mode': 'list', 'id': 1, 'name': 'Earth'}}"
119,7360,SpaceSail Polar Group #6,Communications,"18 Low Earth Orbit communication satellites with Ku, Q and V band payloads for the G60 constellation operated by Shanghai Spacesail Technologies with funding backed by the Shanghai local government.

Initial constellation will consist of 1296 satellites by 2027 with long term plans to expand it to 12000 satellites.","{'id': 13, 'name': 'Polar Orbit', 'abbrev': 'PO', 'celestial_body': {'response_mode': 'list', 'id': 1, 'name': 'Earth'}}"
120,7361,PRSC-HS1 & AIRSAT-03/04,Earth Science,"* PRSC-HS1 is a hyperspectral Earth observation satellite for SUPARCO of Pakistan. 

* AIRSAT-03/04 are 2 X-band synthetic aperture radar (SAR) Earth observation satellite made by the Chinese Academy of Sciences, with 0.5 meter resolution. AIRSAT-03 is built for TerraXpace of Malaysia.","{'id': 17, 'name': 'Sun-Synchronous Orbit', 'abbrev': 'SSO', 'celestial_body': {'response_mode': 'list', 'id': 1, 'name': 'Earth'}}"
121,7338,Starlink Group 10-17,Communications,A batch of 28 satellites for the Starlink mega-constellation - SpaceX's project for space-based Internet communication system.,"{'id': 8, 'name': 'Low Earth Orbit', 'abbrev': 'LEO', 'celestial_body': {'response_mode': 'list', 'id': 1, 'name': 'Earth'}}"
122,7337,Starlink Group 11-19,Communications,A batch of 28 satellites for the Starlink mega-constellation - SpaceX's project for space-based Internet communication system.,"{'id': 8, 'name': 'Low Earth Orbit', 'abbrev': 'LEO', 'celestial_body': {'response_mode': 'list', 'id': 1, 'name': 'Earth'}}"
123,7349,Starlink Group 11-5,Communications,A batch of 28 satellites for the Starlink mega-constellation - SpaceX's project for space-based Internet communication system.,"{'id': 8, 'name': 'Low Earth Orbit', 'abbrev': 'LEO', 'celestial_body': {'response_mode': 'list', 'id': 1, 'name': 'Earth'}}"
124,7366,TJSW-20,Government/Top Secret,Chinese classified satellite claimed to be for communication technology test purposes. Actual mission not known.,"{'id': 2, 'name': 'Geostationary Transfer Orbit', 'abbrev': 'GTO', 'celestial_body': {'response_mode': 'list', 'id': 1, 'name': 'Earth'}}"
125,6393,SpainSat NG II,Communications,"Second of two new-generation satellites built by Airbus to provide secure communications to the Spanish government, its allies, and various international organizations.","{'id': 2, 'name': 'Geostationary Transfer Orbit', 'abbrev': 'GTO', 'celestial_body': {'response_mode': 'list', 'id': 1, 'name': 'Earth'}}"
126,7362,Starlink Group 11-12,Communications,A batch of 28 satellites for the Starlink mega-constellation - SpaceX's project for space-based Internet communication system.,"{'id': 8, 'name': 'Low Earth Orbit', 'abbrev': 'LEO', 'celestial_body': {'response_mode': 'list', 'id': 1, 'name': 'Earth'}}"
127,5860,HTV-X1,Resupply,First flight of the upgraded Japanese HTV-X spacecraft designed to resupply the International Space Station.,"{'id': 8, 'name': 'Low Earth Orbit', 'abbrev': 'LEO', 'celestial_body': {'response_mode': 'list', 'id': 1, 'name': 'Earth'}}"
128,7369,Gaofen-14 02,Earth Science,"Gaofen is a series of civilian Earth observation satellites developed and launched for the China High-definition Earth Observation System (CHEOS), a state-sponsored programme aimed to develop a near-real time, all-weather, global surveillance network consisting of satellite, near-space (stratosphere) airships, and aerial observation platforms.","{'id': 17, 'name': 'Sun-Synchronous Orbit', 'abbrev': 'SSO', 'celestial_body': {'response_mode': 'list', 'id': 1, 'name': 'Earth'}}"
129,7351,Starlink Group 10-21,Communications,A batch of 28 satellites for the Starlink mega-constellation - SpaceX's project for space-based Internet communication system.,"{'id': 8, 'name': 'Low Earth Orbit', 'abbrev': 'LEO', 'celestial_body': {'response_mode': 'list', 'id': 1, 'name': 'Earth'}}"
130,7363,Starlink Group 11-21,Communications,A batch of 28 satellites for the Starlink mega-constellation - SpaceX's project for space-based Internet communication system.,"{'id': 8, 'name': 'Low Earth Orbit', 'abbrev': 'LEO', 'celestial_body': {'response_mode': 'list', 'id': 1, 'name': 'Earth'}}"
131,7364,Starlink Group 10-37,Communications,A batch of 29 satellites for the Starlink mega-constellation - SpaceX's project for space-based Internet communication system.,"{'id': 8, 'name': 'Low Earth Orbit', 'abbrev': 'LEO', 'celestial_body': {'response_mode': 'list', 'id': 1, 'name': 'Earth'}}"
132,7150,Shenzhou 21,Human Exploration,Tenth crewed flight to the Chinese space station.,"{'id': 8, 'name': 'Low Earth Orbit', 'abbrev': 'LEO', 'celestial_body': {'response_mode': 'list', 'id': 1, 'name': 'Earth'}}"
133,7365,Starlink Group 11-23,Communications,A batch of 28 satellites for the Starlink mega-constellation - SpaceX's project for space-based Internet communication system.,"{'id': 8, 'name': 'Low Earth Orbit', 'abbrev': 'LEO', 'celestial_body': {'response_mode': 'list', 'id': 1, 'name': 'Earth'}}"
134,6514,Bandwagon 4 (Dedicated Mid-Inclination Rideshare),Dedicated Rideshare,Dedicated rideshare flight to a mid-inclination orbit with dozens of small microsatellites and nanosatellites for commercial and government customers.,"{'id': 8, 'name': 'Low Earth Orbit', 'abbrev': 'LEO', 'celestial_body': {'response_mode': 'list', 'id': 1, 'name': 'Earth'}}"
135,6522,CMS-03 (GSAT-7R),Communications,"Communications Satellite for the Indian Navy, replacing GSAT-7 for secure real-time links between Indian warships, submarines, aircraft, and shore-based command centers across the Indian Ocean.","{'id': 2, 'name': 'Geostationary Transfer Orbit', 'abbrev': 'GTO', 'celestial_body': {'response_mode': 'list', 'id': 1, 'name': 'Earth'}}"
136,7372,Yaogan 46,Government/Top Secret,"Classified Earth observation satellite officially reported as for ""national resources/hydrology/meteorology surveying & disaster management"" purposes.","{'id': 12, 'name': 'Medium Earth Orbit', 'abbrev': 'MEO', 'celestial_body': {'response_mode': 'list', 'id': 1, 'name': 'Earth'}}"
137,6237,Sentinel-1D,Earth Science,"Sentinel-1D carries an advanced radar technology to provide an all-weather, day-and-night supply of imagery of Earth’s surface as part of the Sentinel-1 constellation.","{'id': 17, 'name': 'Sun-Synchronous Orbit', 'abbrev': 'SSO', 'celestial_body': {'response_mode': 'list', 'id': 1, 'name': 'Earth'}}"
138,7135,The Nation God Navigates (iQPS Launch 5),Earth Science,Synthetic aperture radar Earth observation satellite for Japanese Earth imaging company iQPS.,"{'id': 8, 'name': 'Low Earth Orbit', 'abbrev': 'LEO', 'celestial_body': {'response_mode': 'list', 'id': 1, 'name': 'Earth'}}"
139,7371,Starlink Group 6-81,Communications,A batch of 29 satellites for the Starlink mega-constellation - SpaceX's project for space-based Internet communication system.,"{'id': 8, 'name': 'Low Earth Orbit', 'abbrev': 'LEO', 'celestial_body': {'response_mode': 'list', 'id': 1, 'name': 'Earth'}}"
140,7370,Starlink Group 11-14,Communications,A batch of 28 satellites for the Starlink mega-constellation - SpaceX's project for space-based Internet communication system.,"{'id': 8, 'name': 'Low Earth Orbit', 'abbrev': 'LEO', 'celestial_body': {'response_mode': 'list', 'id': 1, 'name': 'Earth'}}"
141,7381,Shiyan 32 01-03,Government/Top Secret,"3 Chinese satellites reported to be for ""orbital technological testing"" purposes. Actual usage not known.","{'id': 8, 'name': 'Low Earth Orbit', 'abbrev': 'LEO', 'celestial_body': {'response_mode': 'list', 'id': 1, 'name': 'Earth'}}"
142,7379,Chutian-2 01 & 02,Earth Science,2 satellites built by the China Aerospace Science and Industry Corporation (CASIC) for testing operations of Very Low Earth Orbit (VLEO) satellites for Earth observation purposes.,"{'id': 17, 'name': 'Sun-Synchronous Orbit', 'abbrev': 'SSO', 'celestial_body': {'response_mode': 'list', 'id': 1, 'name': 'Earth'}}"
143,7373,Starlink Group 10-51,Communications,A batch of 29 satellites for the Starlink mega-constellation - SpaceX's project for space-based Internet communication system.,"{'id': 8, 'name': 'Low Earth Orbit', 'abbrev': 'LEO', 'celestial_body': {'response_mode': 'list', 'id': 1, 'name': 'Earth'}}"
144,7380,SatNet LEO Group 13,Communications,"A batch of 9 Low Earth Orbit communication satellites for the Chinese state owned SatNet constellation operated by the China Satellite Network Group.

The constellation will eventually consists of 13000 satellites.","{'id': 8, 'name': 'Low Earth Orbit', 'abbrev': 'LEO', 'celestial_body': {'response_mode': 'list', 'id': 1, 'name': 'Earth'}}"
145,7383,Jilin-1 High Resolution-04C and others,Earth Science,"Earth Observation satellite for the Jilin-1 commercial constellation.

Other payloads:

* Jilin-1 Platform-02A-04
* Zhongbei University-1","{'id': 17, 'name': 'Sun-Synchronous Orbit', 'abbrev': 'SSO', 'celestial_body': {'response_mode': 'list', 'id': 1, 'name': 'Earth'}}"
146,7376,Starlink Group 6-87,Communications,A batch of 29 satellites for the Starlink mega-constellation - SpaceX's project for space-based Internet communication system.,"{'id': 8, 'name': 'Low Earth Orbit', 'abbrev': 'LEO', 'celestial_body': {'response_mode': 'list', 'id': 1, 'name': 'Earth'}}"
147,6301,EscaPADE,Planetary Science,"Second flight of Blue Origin's New Glenn launch vehicle carrying the Escape and Plasma Acceleration and Dynamics Explorers (EscaPADE), a dual-spacecraft mission from University of California, Berkeley to study ion and sputtered escape from Mars. The spacecrafts' scientific goals are to understand the processes controlling the structure of Mars' hybrid magnetosphere and how it guides ion flows; understand how energy and momentum are transported from the solar wind through Mars' magnetosphere; and understand the processes controlling the flow of energy and matter into and out of the collisional atmosphere.","{'id': 19, 'name': 'Mars Orbit', 'abbrev': 'Mars', 'celestial_body': {'response_mode': 'list', 'id': 1, 'name': 'Earth'}}"
148,6217,ViaSat-3 F2 (ViaSat-3 EMEA),Communications,"The ViaSat-3 is a series of three Ka-band satellites is expected to provide vastly superior capabilities in terms of service speed and flexibility for a satellite platform. Each ViaSat-3 class satellite is expected to deliver more than 1-Terabit per second of network capacity, and to leverage high levels of flexibility to dynamically direct capacity to where customers are located.","{'id': 2, 'name': 'Geostationary Transfer Orbit', 'abbrev': 'GTO', 'celestial_body': {'response_mode': 'list', 'id': 1, 'name': 'Earth'}}"
149,7377,Starlink Group 6-89,Communications,A batch of 29 satellites for the Starlink mega-constellation - SpaceX's project for space-based Internet communication system.,"{'id': 8, 'name': 'Low Earth Orbit', 'abbrev': 'LEO', 'celestial_body': {'response_mode': 'list', 'id': 1, 'name': 'Earth'}}"
