,id,name,abbrev,celestial_body
0,8,Low Earth Orbit,LEO,"{'response_mode': 'list', 'id': 1, 'name': 'Earth'}"
1,19,Mars Orbit,Mars,"{'response_mode': 'list', 'id': 1, 'name': 'Earth'}"
2,19,Mars Orbit,Mars,"{'response_mode': 'list', 'id': 1, 'name': 'Earth'}"
3,2,Geostationary Transfer Orbit,GTO,"{'response_mode': 'list', 'id': 1, 'name': 'Earth'}"
4,8,Low Earth Orbit,LEO,"{'response_mode': 'list', 'id': 1, 'name': 'Earth'}"
5,0,Elliptical Orbit,Elliptical,"{'response_mode': 'list', 'id': 1, 'name': 'Earth'}"
6,8,Low Earth Orbit,LEO,"{'response_mode': 'list', 'id': 1, 'name': 'Earth'}"
7,17,Sun-Synchronous Orbit,SSO,"{'response_mode': 'list', 'id': 1, 'name': 'Earth'}"
8,17,Sun-Synchronous Orbit,SSO,"{'response_mode': 'list', 'id': 1, 'name': 'Earth'}"
9,16,Sun-Earth L2,L2,"{'response_mode': 'list', 'id': 1, 'name': 'Earth'}"
10,17,Sun-Synchronous Orbit,SSO,"{'response_mode': 'list', 'id': 1, 'name': 'Earth'}"
11,17,Sun-Synchronous Orbit,SSO,"{'response_mode': 'list', 'id': 1, 'name': 'Earth'}"
12,8,Low Earth Orbit,LEO,"{'response_mode': 'list', 'id': 1, 'name': 'Earth'}"
13,8,Low Earth Orbit,LEO,"{'response_mode': 'list', 'id': 1, 'name': 'Earth'}"
14,9,Lunar flyby,Lunar flyby,"{'response_mode': 'list', 'id': 1, 'name': 'Earth'}"
15,8,Low Earth Orbit,LEO,"{'response_mode': 'list', 'id': 1, 'name': 'Earth'}"
16,8,Low Earth Orbit,LEO,"{'response_mode': 'list', 'id': 1, 'name': 'Earth'}"
17,8,Low Earth Orbit,LEO,"{'response_mode': 'list', 'id': 1, 'name': 'Earth'}"
18,8,Low Earth Orbit,LEO,"{'response_mode': 'list', 'id': 1, 'name': 'Earth'}"
19,8,Low Earth Orbit,LEO,"{'response_mode': 'list', 'id': 1, 'name': 'Earth'}"
20,8,Low Earth Orbit,LEO,"{'response_mode': 'list', 'id': 1, 'name': 'Earth'}"
21,8,Low Earth Orbit,LEO,"{'response_mode': 'list', 'id': 1, 'name': 'Earth'}"
22,8,Low Earth Orbit,LEO,"{'response_mode': 'list', 'id': 1, 'name': 'Earth'}"
23,8,Low Earth Orbit,LEO,"{'response_mode': 'list', 'id': 1, 'name': 'Earth'}"
24,8,Low Earth Orbit,LEO,"{'response_mode': 'list', 'id': 1, 'name': 'Earth'}"
25,8,Low Earth Orbit,LEO,"{'response_mode': 'list', 'id': 1, 'name': 'Earth'}"
26,8,Low Earth Orbit,LEO,"{'response_mode': 'list', 'id': 1, 'name': 'Earth'}"
27,8,Low Earth Orbit,LEO,"{'response_mode': 'list', 'id': 1, 'name': 'Earth'}"
28,8,Low Earth Orbit,LEO,"{'response_mode': 'list', 'id': 1, 'name': 'Earth'}"
29,15,Suborbital,Sub,"{'response_mode': 'list', 'id': 1, 'name': 'Earth'}"
30,15,Suborbital,Sub,"{'response_mode': 'list', 'id': 1, 'name': 'Earth'}"
31,15,Suborbital,Sub,"{'response_mode': 'list', 'id': 1, 'name': 'Earth'}"
32,8,Low Earth Orbit,LEO,"{'response_mode': 'list', 'id': 1, 'name': 'Earth'}"
33,15,Suborbital,Sub,"{'response_mode': 'list', 'id': 1, 'name': 'Earth'}"
34,15,Suborbital,Sub,"{'response_mode': 'list', 'id': 1, 'name': 'Earth'}"
35,15,Suborbital,Sub,"{'response_mode': 'list', 'id': 1, 'name': 'Earth'}"
36,15,Suborbital,Sub,"{'response_mode': 'list', 'id': 1, 'name': 'Earth'}"
37,8,Low Earth Orbit,LEO,"{'response_mode': 'list', 'id': 1, 'name': 'Earth'}"
38,8,Low Earth Orbit,LEO,"{'response_mode': 'list', 'id': 1, 'name': 'Earth'}"
39,8,Low Earth Orbit,LEO,"{'response_mode': 'list', 'id': 1, 'name': 'Earth'}"
40,15,Suborbital,Sub,"{'response_mode': 'list', 'id': 1, 'name': 'Earth'}"
41,8,Low Earth Orbit,LEO,"{'response_mode': 'list', 'id': 1, 'name': 'Earth'}"
42,8,Low Earth Orbit,LEO,"{'response_mode': 'list', 'id': 1, 'name': 'Earth'}"
43,8,Low Earth Orbit,LEO,"{'response_mode': 'list', 'id': 1, 'name': 'Earth'}"
44,8,Low Earth Orbit,LEO,"{'response_mode': 'list', 'id': 1, 'name': 'Earth'}"
45,8,Low Earth Orbit,LEO,"{'response_mode': 'list', 'id': 1, 'name': 'Earth'}"
46,8,Low Earth Orbit,LEO,"{'response_mode': 'list', 'id': 1, 'name': 'Earth'}"
47,8,Low Earth Orbit,LEO,"{'response_mode': 'list', 'id': 1, 'name': 'Earth'}"
48,8,Low Earth Orbit,LEO,"{'response_mode': 'list', 'id': 1, 'name': 'Earth'}"
49,15,Suborbital,Sub,"{'response_mode': 'list', 'id': 1, 'name': 'Earth'}"
50,8,Low Earth Orbit,LEO,"{'response_mode': 'list', 'id': 1, 'name': 'Earth'}"
51,17,Sun-Synchronous Orbit,SSO,"{'response_mode': 'list', 'id': 1, 'name': 'Earth'}"
52,3,Geosynchronous Orbit,GSO,"{'response_mode': 'list', 'id': 1, 'name': 'Earth'}"
53,13,Polar Orbit,PO,"{'response_mode': 'list', 'id': 1, 'name': 'Earth'}"
54,8,Low Earth Orbit,LEO,"{'response_mode': 'list', 'id': 1, 'name': 'Earth'}"
55,8,Low Earth Orbit,LEO,"{'response_mode': 'list', 'id': 1, 'name': 'Earth'}"
56,8,Low Earth Orbit,LEO,"{'response_mode': 'list', 'id': 1, 'name': 'Earth'}"
57,8,Low Earth Orbit,LEO,"{'response_mode': 'list', 'id': 1, 'name': 'Earth'}"
58,13,Polar Orbit,PO,"{'response_mode': 'list', 'id': 1, 'name': 'Earth'}"
59,8,Low Earth Orbit,LEO,"{'response_mode': 'list', 'id': 1, 'name': 'Earth'}"
60,17,Sun-Synchronous Orbit,SSO,"{'response_mode': 'list', 'id': 1, 'name': 'Earth'}"
61,8,Low Earth Orbit,LEO,"{'response_mode': 'list', 'id': 1, 'name': 'Earth'}"
62,13,Polar Orbit,PO,"{'response_mode': 'list', 'id': 1, 'name': 'Earth'}"
63,8,Low Earth Orbit,LEO,"{'response_mode': 'list', 'id': 1, 'name': 'Earth'}"
64,8,Low Earth Orbit,LEO,"{'response_mode': 'list', 'id': 1, 'name': 'Earth'}"
65,17,Sun-Synchronous Orbit,SSO,"{'response_mode': 'list', 'id': 1, 'name': 'Earth'}"
66,8,Low Earth Orbit,LEO,"{'response_mode': 'list', 'id': 1, 'name': 'Earth'}"
67,8,Low Earth Orbit,LEO,"{'response_mode': 'list', 'id': 1, 'name': 'Earth'}"
68,17,Sun-Synchronous Orbit,SSO,"{'response_mode': 'list', 'id': 1, 'name': 'Earth'}"
69,15,Suborbital,Sub,"{'response_mode': 'list', 'id': 1, 'name': 'Earth'}"
70,8,Low Earth Orbit,LEO,"{'response_mode': 'list', 'id': 1, 'name': 'Earth'}"
71,8,Low Earth Orbit,LEO,"{'response_mode': 'list', 'id': 1, 'name': 'Earth'}"
72,8,Low Earth Orbit,LEO,"{'response_mode': 'list', 'id': 1, 'name': 'Earth'}"
73,8,Low Earth Orbit,LEO,"{'response_mode': 'list', 'id': 1, 'name': 'Earth'}"
74,8,Low Earth Orbit,LEO,"{'response_mode': 'list', 'id': 1, 'name': 'Earth'}"
75,8,Low Earth Orbit,LEO,"{'response_mode': 'list', 'id': 1, 'name': 'Earth'}"
76,8,Low Earth Orbit,LEO,"{'response_mode': 'list', 'id': 1, 'name': 'Earth'}"
77,3,Geosynchronous Orbit,GSO,"{'response_mode': 'list', 'id': 1, 'name': 'Earth'}"
78,17,Sun-Synchronous Orbit,SSO,"{'response_mode': 'list', 'id': 1, 'name': 'Earth'}"
79,8,Low Earth Orbit,LEO,"{'response_mode': 'list', 'id': 1, 'name': 'Earth'}"
80,13,Polar Orbit,PO,"{'response_mode': 'list', 'id': 1, 'name': 'Earth'}"
81,8,Low Earth Orbit,LEO,"{'response_mode': 'list', 'id': 1, 'name': 'Earth'}"
82,8,Low Earth Orbit,LEO,"{'response_mode': 'list', 'id': 1, 'name': 'Earth'}"
83,12,Medium Earth Orbit,MEO,"{'response_mode': 'list', 'id': 1, 'name': 'Earth'}"
84,13,Polar Orbit,PO,"{'response_mode': 'list', 'id': 1, 'name': 'Earth'}"
85,8,Low Earth Orbit,LEO,"{'response_mode': 'list', 'id': 1, 'name': 'Earth'}"
86,2,Geostationary Transfer Orbit,GTO,"{'response_mode': 'list', 'id': 1, 'name': 'Earth'}"
87,12,Medium Earth Orbit,MEO,"{'response_mode': 'list', 'id': 1, 'name': 'Earth'}"
88,8,Low Earth Orbit,LEO,"{'response_mode': 'list', 'id': 1, 'name': 'Earth'}"
89,8,Low Earth Orbit,LEO,"{'response_mode': 'list', 'id': 1, 'name': 'Earth'}"
90,8,Low Earth Orbit,LEO,"{'response_mode': 'list', 'id': 1, 'name': 'Earth'}"
91,8,Low Earth Orbit,LEO,"{'response_mode': 'list', 'id': 1, 'name': 'Earth'}"
92,15,Suborbital,Sub,"{'response_mode': 'list', 'id': 1, 'name': 'Earth'}"
93,8,Low Earth Orbit,LEO,"{'response_mode': 'list', 'id': 1, 'name': 'Earth'}"
94,8,Low Earth Orbit,LEO,"{'response_mode': 'list', 'id': 1, 'name': 'Earth'}"
95,25,Unknown,N/A,"{'response_mode': 'list', 'id': 1, 'name': 'Earth'}"
96,15,Suborbital,Sub,"{'response_mode': 'list', 'id': 1, 'name': 'Earth'}"
97,8,Low Earth Orbit,LEO,"{'response_mode': 'list', 'id': 1, 'name': 'Earth'}"
98,5,Heliocentric L1,L1-point,"{'response_mode': 'list', 'id': 1, 'name': 'Earth'}"
99,8,Low Earth Orbit,LEO,"{'response_mode': 'list', 'id': 1, 'name': 'Earth'}"
100,8,Low Earth Orbit,LEO,"{'response_mode': 'list', 'id': 1, 'name': 'Earth'}"
101,8,Low Earth Orbit,LEO,"{'response_mode': 'list', 'id': 1, 'name': 'Earth'}"
102,17,Sun-Synchronous Orbit,SSO,"{'response_mode': 'list', 'id': 1, 'name': 'Earth'}"
103,13,Polar Orbit,PO,"{'response_mode': 'list', 'id': 1, 'name': 'Earth'}"
104,8,Low Earth Orbit,LEO,"{'response_mode': 'list', 'id': 1, 'name': 'Earth'}"
105,8,Low Earth Orbit,LEO,"{'response_mode': 'list', 'id': 1, 'name': 'Earth'}"
106,15,Suborbital,Sub,"{'response_mode': 'list', 'id': 1, 'name': 'Earth'}"
107,8,Low Earth Orbit,LEO,"{'response_mode': 'list', 'id': 1, 'name': 'Earth'}"
108,8,Low Earth Orbit,LEO,"{'response_mode': 'list', 'id': 1, 'name': 'Earth'}"
109,8,Low Earth Orbit,LEO,"{'response_mode': 'list', 'id': 1, 'name': 'Earth'}"
110,15,Suborbital,Sub,"{'response_mode': 'list', 'id': 1, 'name': 'Earth'}"
111,17,Sun-Synchronous Orbit,SSO,"{'response_mode': 'list', 'id': 1, 'name': 'Earth'}"
112,13,Polar Orbit,PO,"{'response_mode': 'list', 'id': 1, 'name': 'Earth'}"
113,15,Suborbital,Sub,"{'response_mode': 'list', 'id': 1, 'name': 'Earth'}"
114,8,Low Earth Orbit,LEO,"{'response_mode': 'list', 'id': 1, 'name': 'Earth'}"
115,8,Low Earth Orbit,LEO,"{'response_mode': 'list', 'id': 1, 'name': 'Earth'}"
116,13,Polar Orbit,PO,"{'response_mode': 'list', 'id': 1, 'name': 'Earth'}"
117,8,Low Earth Orbit,LEO,"{'response_mode': 'list', 'id': 1, 'name': 'Earth'}"
118,8,Low Earth Orbit,LEO,"{'response_mode': 'list', 'id': 1, 'name': 'Earth'}"
119,13,Polar Orbit,PO,"{'response_mode': 'list', 'id': 1, 'name': 'Earth'}"
120,17,Sun-Synchronous Orbit,SSO,"{'response_mode': 'list', 'id': 1, 'name': 'Earth'}"
121,8,Low Earth Orbit,LEO,"{'response_mode': 'list', 'id': 1, 'name': 'Earth'}"
122,8,Low Earth Orbit,LEO,"{'response_mode': 'list', 'id': 1, 'name': 'Earth'}"
123,8,Low Earth Orbit,LEO,"{'response_mode': 'list', 'id': 1, 'name': 'Earth'}"
124,2,Geostationary Transfer Orbit,GTO,"{'response_mode': 'list', 'id': 1, 'name': 'Earth'}"
125,2,Geostationary Transfer Orbit,GTO,"{'response_mode': 'list', 'id': 1, 'name': 'Earth'}"
126,8,Low Earth Orbit,LEO,"{'response_mode': 'list', 'id': 1, 'name': 'Earth'}"
127,8,Low Earth Orbit,LEO,"{'response_mode': 'list', 'id': 1, 'name': 'Earth'}"
128,17,Sun-Synchronous Orbit,SSO,"{'response_mode': 'list', 'id': 1, 'name': 'Earth'}"
129,8,Low Earth Orbit,LEO,"{'response_mode': 'list', 'id': 1, 'name': 'Earth'}"
130,8,Low Earth Orbit,LEO,"{'response_mode': 'list', 'id': 1, 'name': 'Earth'}"
131,8,Low Earth Orbit,LEO,"{'response_mode': 'list', 'id': 1, 'name': 'Earth'}"
132,8,Low Earth Orbit,LEO,"{'response_mode': 'list', 'id': 1, 'name': 'Earth'}"
133,8,Low Earth Orbit,LEO,"{'response_mode': 'list', 'id': 1, 'name': 'Earth'}"
134,8,Low Earth Orbit,LEO,"{'response_mode': 'list', 'id': 1, 'name': 'Earth'}"
135,2,Geostationary Transfer Orbit,GTO,"{'response_mode': 'list', 'id': 1, 'name': 'Earth'}"
136,12,Medium Earth Orbit,MEO,"{'response_mode': 'list', 'id': 1, 'name': 'Earth'}"
137,17,Sun-Synchronous Orbit,SSO,"{'response_mode': 'list', 'id': 1, 'name': 'Earth'}"
138,8,Low Earth Orbit,LEO,"{'response_mode': 'list', 'id': 1, 'name': 'Earth'}"
139,8,Low Earth Orbit,LEO,"{'response_mode': 'list', 'id': 1, 'name': 'Earth'}"
140,8,Low Earth Orbit,LEO,"{'response_mode': 'list', 'id': 1, 'name': 'Earth'}"
141,8,Low Earth Orbit,LEO,"{'response_mode': 'list', 'id': 1, 'name': 'Earth'}"
142,17,Sun-Synchronous Orbit,SSO,"{'response_mode': 'list', 'id': 1, 'name': 'Earth'}"
143,8,Low Earth Orbit,LEO,"{'response_mode': 'list', 'id': 1, 'name': 'Earth'}"
144,8,Low Earth Orbit,LEO,"{'response_mode': 'list', 'id': 1, 'name': 'Earth'}"
145,17,Sun-Synchronous Orbit,SSO,"{'response_mode': 'list', 'id': 1, 'name': 'Earth'}"
146,8,Low Earth Orbit,LEO,"{'response_mode': 'list', 'id': 1, 'name': 'Earth'}"
147,19,Mars Orbit,Mars,"{'response_mode': 'list', 'id': 1, 'name': 'Earth'}"
148,2,Geostationary Transfer Orbit,GTO,"{'response_mode': 'list', 'id': 1, 'name': 'Earth'}"
149,8,Low Earth Orbit,LEO,"{'response_mode': 'list', 'id': 1, 'name': 'Earth'}"
150,8,Low Earth Orbit,LEO,"{'response_mode': 'list', 'id': 1, 'name': 'Earth'}"
151,8,Low Earth Orbit,LEO,"{'response_mode': 'list', 'id': 1, 'name': 'Earth'}"
152,9,Lunar flyby,Lunar flyby,"{'response_mode': 'list', 'id': 1, 'name': 'Earth'}"
153,8,Low Earth Orbit,LEO,"{'response_mode': 'list', 'id': 1, 'name': 'Earth'}"
154,8,Low Earth Orbit,LEO,"{'response_mode': 'list', 'id': 1, 'name': 'Earth'}"
155,8,Low Earth Orbit,LEO,"{'response_mode': 'list', 'id': 1, 'name': 'Earth'}"
156,8,Low Earth Orbit,LEO,"{'response_mode': 'list', 'id': 1, 'name': 'Earth'}"
157,8,Low Earth Orbit,LEO,"{'response_mode': 'list', 'id': 1, 'name': 'Earth'}"
158,8,Low Earth Orbit,LEO,"{'response_mode': 'list', 'id': 1, 'name': 'Earth'}"
159,8,Low Earth Orbit,LEO,"{'response_mode': 'list', 'id': 1, 'name': 'Earth'}"
160,8,Low Earth Orbit,LEO,"{'response_mode': 'list', 'id': 1, 'name': 'Earth'}"
161,8,Low Earth Orbit,LEO,"{'response_mode': 'list', 'id': 1, 'name': 'Earth'}"
162,15,Suborbital,Sub,"{'response_mode': 'list', 'id': 1, 'name': 'Earth'}"
163,8,Low Earth Orbit,LEO,"{'response_mode': 'list', 'id': 1, 'name': 'Earth'}"
164,8,Low Earth Orbit,LEO,"{'response_mode': 'list', 'id': 1, 'name': 'Earth'}"
165,15,Suborbital,Sub,"{'response_mode': 'list', 'id': 1, 'name': 'Earth'}"
166,15,Suborbital,Sub,"{'response_mode': 'list', 'id': 1, 'name': 'Earth'}"
167,8,Low Earth Orbit,LEO,"{'response_mode': 'list', 'id': 1, 'name': 'Earth'}"
168,15,Suborbital,Sub,"{'response_mode': 'list', 'id': 1, 'name': 'Earth'}"
169,15,Suborbital,Sub,"{'response_mode': 'list', 'id': 1, 'name': 'Earth'}"
170,8,Low Earth Orbit,LEO,"{'response_mode': 'list', 'id': 1, 'name': 'Earth'}"
