,id,response_mode,id,url,name,families,full_name,variant
0,9063,list,164,https://lldev.thespacedevs.com/2.3.0/launcher_configurations/164/,Falcon 9,"[{'response_mode': 'list', 'id': 1, 'name': 'Falcon'}, {'response_mode': 'list', 'id': 176, 'name': 'Falcon 9'}]",Falcon 9 Block 5,Block 5
1,7783,list,138,https://lldev.thespacedevs.com/2.3.0/launcher_configurations/138/,New Glenn,"[{'response_mode': 'list', 'id': 214, 'name': 'New Glenn'}]",New Glenn,
2,7783,list,138,https://lldev.thespacedevs.com/2.3.0/launcher_configurations/138/,New Glenn,"[{'response_mode': 'list', 'id': 214, 'name': 'New Glenn'}]",New Glenn,
3,2489,list,161,https://lldev.thespacedevs.com/2.3.0/launcher_configurations/161/,Falcon Heavy,"[{'response_mode': 'list', 'id': 1, 'name': 'Falcon'}]",Falcon Heavy,Heavy
4,8811,list,173,https://lldev.thespacedevs.com/2.3.0/launcher_configurations/173/,Pegasus XL,"[{'response_mode': 'list', 'id': 117, 'name': 'Pegasus'}]",Pegasus XL,
5,7792,list,127,https://lldev.thespacedevs.com/2.3.0/launcher_configurations/127/,Vega-C,"[{'response_mode': 'list', 'id': 3, 'name': 'Vega'}]",Vega-C,
6,7737,list,164,https://lldev.thespacedevs.com/2.3.0/launcher_configurations/164/,Falcon 9,"[{'response_mode': 'list', 'id': 1, 'name': 'Falcon'}, {'response_mode': 'list', 'id': 176, 'name': 'Falcon 9'}]",Falcon 9 Block 5,Block 5
7,8433,list,127,https://lldev.thespacedevs.com/2.3.0/launcher_configurations/127/,Vega-C,"[{'response_mode': 'list', 'id': 3, 'name': 'Vega'}]",Vega-C,
8,169,list,121,https://lldev.thespacedevs.com/2.3.0/launcher_configurations/121/,Ariane 62,"[{'response_mode': 'list', 'id': 59, 'name': 'Ariane'}, {'response_mode': 'list', 'id': 62, 'name': 'Ariane 6'}]",Ariane 62,62
9,7615,list,161,https://lldev.thespacedevs.com/2.3.0/launcher_configurations/161/,Falcon Heavy,"[{'response_mode': 'list', 'id': 1, 'name': 'Falcon'}]",Falcon Heavy,Heavy
10,7718,list,121,https://lldev.thespacedevs.com/2.3.0/launcher_configurations/121/,Ariane 62,"[{'response_mode': 'list', 'id': 59, 'name': 'Ariane'}, {'response_mode': 'list', 'id': 62, 'name': 'Ariane 6'}]",Ariane 62,62
11,8433,list,127,https://lldev.thespacedevs.com/2.3.0/launcher_configurations/127/,Vega-C,"[{'response_mode': 'list', 'id': 3, 'name': 'Vega'}]",Vega-C,
12,2625,list,143,https://lldev.thespacedevs.com/2.3.0/launcher_configurations/143/,Space Launch System (SLS),"[{'response_mode': 'list', 'id': 149, 'name': 'Space Launch System'}]",Space Launch System Block 1,Block 1
13,2710,list,166,https://lldev.thespacedevs.com/2.3.0/launcher_configurations/166/,Atlas V N22,"[{'response_mode': 'list', 'id': 66, 'name': 'Atlas'}, {'response_mode': 'list', 'id': 174, 'name': 'Atlas V'}]",Atlas V N22,V N22
14,187,list,143,https://lldev.thespacedevs.com/2.3.0/launcher_configurations/143/,Space Launch System (SLS),"[{'response_mode': 'list', 'id': 149, 'name': 'Space Launch System'}]",Space Launch System Block 1,Block 1
15,2529,list,202,https://lldev.thespacedevs.com/2.3.0/launcher_configurations/202/,Vulcan VC4L,"[{'response_mode': 'list', 'id': 170, 'name': 'Vulcan'}]",Vulcan VC4L,VC4L
16,7523,list,172,https://lldev.thespacedevs.com/2.3.0/launcher_configurations/172/,LVM-3 (GSLV Mk III),"[{'response_mode': 'list', 'id': 84, 'name': 'GSLV'}]",Launch Vehicle Mark-3 (GSLV Mk III),
17,7524,list,172,https://lldev.thespacedevs.com/2.3.0/launcher_configurations/172/,LVM-3 (GSLV Mk III),"[{'response_mode': 'list', 'id': 84, 'name': 'GSLV'}]",Launch Vehicle Mark-3 (GSLV Mk III),
18,7522,list,172,https://lldev.thespacedevs.com/2.3.0/launcher_configurations/172/,LVM-3 (GSLV Mk III),"[{'response_mode': 'list', 'id': 84, 'name': 'GSLV'}]",Launch Vehicle Mark-3 (GSLV Mk III),
19,7857,list,164,https://lldev.thespacedevs.com/2.3.0/launcher_configurations/164/,Falcon 9,"[{'response_mode': 'list', 'id': 1, 'name': 'Falcon'}, {'response_mode': 'list', 'id': 176, 'name': 'Falcon 9'}]",Falcon 9 Block 5,Block 5
20,8033,list,164,https://lldev.thespacedevs.com/2.3.0/launcher_configurations/164/,Falcon 9,"[{'response_mode': 'list', 'id': 1, 'name': 'Falcon'}, {'response_mode': 'list', 'id': 176, 'name': 'Falcon 9'}]",Falcon 9 Block 5,Block 5
21,8428,list,24,https://lldev.thespacedevs.com/2.3.0/launcher_configurations/24/,Soyuz 2.1a,"[{'response_mode': 'list', 'id': 147, 'name': 'Soyuz'}, {'response_mode': 'list', 'id': 190, 'name': 'Soyuz 2'}]",Soyuz 2.1a,
22,8430,list,24,https://lldev.thespacedevs.com/2.3.0/launcher_configurations/24/,Soyuz 2.1a,"[{'response_mode': 'list', 'id': 147, 'name': 'Soyuz'}, {'response_mode': 'list', 'id': 190, 'name': 'Soyuz 2'}]",Soyuz 2.1a,
23,8559,list,84,https://lldev.thespacedevs.com/2.3.0/launcher_configurations/84/,Long March 2F/G,"[{'response_mode': 'list', 'id': 106, 'name': 'Long March'}, {'response_mode': 'list', 'id': 109, 'name': 'Long March 2'}]",Long March 2F/G,F/G
24,7748,list,164,https://lldev.thespacedevs.com/2.3.0/launcher_configurations/164/,Falcon 9,"[{'response_mode': 'list', 'id': 1, 'name': 'Falcon'}, {'response_mode': 'list', 'id': 176, 'name': 'Falcon 9'}]",Falcon 9 Block 5,Block 5
25,8603,list,172,https://lldev.thespacedevs.com/2.3.0/launcher_configurations/172/,LVM-3 (GSLV Mk III),"[{'response_mode': 'list', 'id': 84, 'name': 'GSLV'}]",Launch Vehicle Mark-3 (GSLV Mk III),
26,7598,list,164,https://lldev.thespacedevs.com/2.3.0/launcher_configurations/164/,Falcon 9,"[{'response_mode': 'list', 'id': 1, 'name': 'Falcon'}, {'response_mode': 'list', 'id': 176, 'name': 'Falcon 9'}]",Falcon 9 Block 5,Block 5
27,7746,list,164,https://lldev.thespacedevs.com/2.3.0/launcher_configurations/164/,Falcon 9,"[{'response_mode': 'list', 'id': 1, 'name': 'Falcon'}, {'response_mode': 'list', 'id': 176, 'name': 'Falcon 9'}]",Falcon 9 Block 5,Block 5
28,7752,list,164,https://lldev.thespacedevs.com/2.3.0/launcher_configurations/164/,Falcon 9,"[{'response_mode': 'list', 'id': 1, 'name': 'Falcon'}, {'response_mode': 'list', 'id': 176, 'name': 'Falcon 9'}]",Falcon 9 Block 5,Block 5
29,8696,list,527,https://lldev.thespacedevs.com/2.3.0/launcher_configurations/527/,Starship,"[{'response_mode': 'list', 'id': 156, 'name': 'Starship'}]",Starship V2,V2
30,8665,list,137,https://lldev.thespacedevs.com/2.3.0/launcher_configurations/137/,New Shepard,[],New Shepard,
31,8685,list,137,https://lldev.thespacedevs.com/2.3.0/launcher_configurations/137/,New Shepard,[],New Shepard,
32,8653,list,24,https://lldev.thespacedevs.com/2.3.0/launcher_configurations/24/,Soyuz 2.1a,"[{'response_mode': 'list', 'id': 147, 'name': 'Soyuz'}, {'response_mode': 'list', 'id': 190, 'name': 'Soyuz 2'}]",Soyuz 2.1a,
33,8708,list,522,https://lldev.thespacedevs.com/2.3.0/launcher_configurations/522/,Starship,"[{'response_mode': 'list', 'id': 156, 'name': 'Starship'}]",Starship V3,V3
34,8767,list,137,https://lldev.thespacedevs.com/2.3.0/launcher_configurations/137/,New Shepard,[],New Shepard,
35,8644,list,527,https://lldev.thespacedevs.com/2.3.0/launcher_configurations/527/,Starship,"[{'response_mode': 'list', 'id': 156, 'name': 'Starship'}]",Starship V2,V2
36,8730,list,137,https://lldev.thespacedevs.com/2.3.0/launcher_configurations/137/,New Shepard,[],New Shepard,
37,2540,list,204,https://lldev.thespacedevs.com/2.3.0/launcher_configurations/204/,H3-24,"[{'response_mode': 'list', 'id': 86, 'name': 'H3'}]",H3-24,24
38,8806,list,84,https://lldev.thespacedevs.com/2.3.0/launcher_configurations/84/,Long March 2F/G,"[{'response_mode': 'list', 'id': 106, 'name': 'Long March'}, {'response_mode': 'list', 'id': 109, 'name': 'Long March 2'}]",Long March 2F/G,F/G
39,8911,list,84,https://lldev.thespacedevs.com/2.3.0/launcher_configurations/84/,Long March 2F/G,"[{'response_mode': 'list', 'id': 106, 'name': 'Long March'}, {'response_mode': 'list', 'id': 109, 'name': 'Long March 2'}]",Long March 2F/G,F/G
40,8881,list,137,https://lldev.thespacedevs.com/2.3.0/launcher_configurations/137/,New Shepard,[],New Shepard,
41,8900,list,84,https://lldev.thespacedevs.com/2.3.0/launcher_configurations/84/,Long March 2F/G,"[{'response_mode': 'list', 'id': 106, 'name': 'Long March'}, {'response_mode': 'list', 'id': 109, 'name': 'Long March 2'}]",Long March 2F/G,F/G
42,7599,list,164,https://lldev.thespacedevs.com/2.3.0/launcher_configurations/164/,Falcon 9,"[{'response_mode': 'list', 'id': 1, 'name': 'Falcon'}, {'response_mode': 'list', 'id': 176, 'name': 'Falcon 9'}]",Falcon 9 Block 5,Block 5
43,8859,list,24,https://lldev.thespacedevs.com/2.3.0/launcher_configurations/24/,Soyuz 2.1a,"[{'response_mode': 'list', 'id': 147, 'name': 'Soyuz'}, {'response_mode': 'list', 'id': 190, 'name': 'Soyuz 2'}]",Soyuz 2.1a,
44,8431,list,24,https://lldev.thespacedevs.com/2.3.0/launcher_configurations/24/,Soyuz 2.1a,"[{'response_mode': 'list', 'id': 147, 'name': 'Soyuz'}, {'response_mode': 'list', 'id': 190, 'name': 'Soyuz 2'}]",Soyuz 2.1a,
45,7753,list,164,https://lldev.thespacedevs.com/2.3.0/launcher_configurations/164/,Falcon 9,"[{'response_mode': 'list', 'id': 1, 'name': 'Falcon'}, {'response_mode': 'list', 'id': 176, 'name': 'Falcon 9'}]",Falcon 9 Block 5,Block 5
46,7600,list,164,https://lldev.thespacedevs.com/2.3.0/launcher_configurations/164/,Falcon 9,"[{'response_mode': 'list', 'id': 1, 'name': 'Falcon'}, {'response_mode': 'list', 'id': 176, 'name': 'Falcon 9'}]",Falcon 9 Block 5,Block 5
47,9012,list,100,https://lldev.thespacedevs.com/2.3.0/launcher_configurations/100/,Long March 7,"[{'response_mode': 'list', 'id': 106, 'name': 'Long March'}, {'response_mode': 'list', 'id': 114, 'name': 'Long March 7'}]",Long March 7,
48,7747,list,164,https://lldev.thespacedevs.com/2.3.0/launcher_configurations/164/,Falcon 9,"[{'response_mode': 'list', 'id': 1, 'name': 'Falcon'}, {'response_mode': 'list', 'id': 176, 'name': 'Falcon 9'}]",Falcon 9 Block 5,Block 5
49,8879,list,522,https://lldev.thespacedevs.com/2.3.0/launcher_configurations/522/,Starship,"[{'response_mode': 'list', 'id': 156, 'name': 'Starship'}]",Starship V3,V3
50,8112,list,164,https://lldev.thespacedevs.com/2.3.0/launcher_configurations/164/,Falcon 9,"[{'response_mode': 'list', 'id': 1, 'name': 'Falcon'}, {'response_mode': 'list', 'id': 176, 'name': 'Falcon 9'}]",Falcon 9 Block 5,Block 5
51,169,list,121,https://lldev.thespacedevs.com/2.3.0/launcher_configurations/121/,Ariane 62,"[{'response_mode': 'list', 'id': 59, 'name': 'Ariane'}, {'response_mode': 'list', 'id': 62, 'name': 'Ariane 6'}]",Ariane 62,62
52,2743,list,516,https://lldev.thespacedevs.com/2.3.0/launcher_configurations/516/,Vulcan VC4S,"[{'response_mode': 'list', 'id': 170, 'name': 'Vulcan'}]",Vulcan VC4S,VC4S
53,8678,list,508,https://lldev.thespacedevs.com/2.3.0/launcher_configurations/508/,Long March 5B/YZ-2,"[{'response_mode': 'list', 'id': 106, 'name': 'Long March'}, {'response_mode': 'list', 'id': 112, 'name': 'Long March 5'}]",Long March 5B/YZ-2,B/YZ-2
54,8668,list,164,https://lldev.thespacedevs.com/2.3.0/launcher_configurations/164/,Falcon 9,"[{'response_mode': 'list', 'id': 1, 'name': 'Falcon'}, {'response_mode': 'list', 'id': 176, 'name': 'Falcon 9'}]",Falcon 9 Block 5,Block 5
55,8672,list,164,https://lldev.thespacedevs.com/2.3.0/launcher_configurations/164/,Falcon 9,"[{'response_mode': 'list', 'id': 1, 'name': 'Falcon'}, {'response_mode': 'list', 'id': 176, 'name': 'Falcon 9'}]",Falcon 9 Block 5,Block 5
56,8679,list,519,https://lldev.thespacedevs.com/2.3.0/launcher_configurations/519/,Zhuque-2E,"[{'response_mode': 'list', 'id': 203, 'name': 'Zhuque'}]",Zhuque-2E,2E
57,8682,list,64,https://lldev.thespacedevs.com/2.3.0/launcher_configurations/64/,Long March 4C,"[{'response_mode': 'list', 'id': 106, 'name': 'Long March'}, {'response_mode': 'list', 'id': 111, 'name': 'Long March 4'}]",Long March 4C,C
58,8681,list,478,https://lldev.thespacedevs.com/2.3.0/launcher_configurations/478/,Long March 6A,"[{'response_mode': 'list', 'id': 106, 'name': 'Long March'}, {'response_mode': 'list', 'id': 113, 'name': 'Long March 6'}]",Long March 6A,A
59,8674,list,164,https://lldev.thespacedevs.com/2.3.0/launcher_configurations/164/,Falcon 9,"[{'response_mode': 'list', 'id': 1, 'name': 'Falcon'}, {'response_mode': 'list', 'id': 176, 'name': 'Falcon 9'}]",Falcon 9 Block 5,Block 5
60,8680,list,483,https://lldev.thespacedevs.com/2.3.0/launcher_configurations/483/,Kinetica 1,[],Kinetica 1,
61,8083,list,15,https://lldev.thespacedevs.com/2.3.0/launcher_configurations/15/,Soyuz 2.1b,"[{'response_mode': 'list', 'id': 147, 'name': 'Soyuz'}, {'response_mode': 'list', 'id': 190, 'name': 'Soyuz 2'}]",Soyuz 2.1b,
62,8683,list,136,https://lldev.thespacedevs.com/2.3.0/launcher_configurations/136/,Angara 1.2,"[{'response_mode': 'list', 'id': 56, 'name': 'Angara'}, {'response_mode': 'list', 'id': 180, 'name': 'Angara 1.2'}]",Angara 1.2,1.2
63,7857,list,164,https://lldev.thespacedevs.com/2.3.0/launcher_configurations/164/,Falcon 9,"[{'response_mode': 'list', 'id': 1, 'name': 'Falcon'}, {'response_mode': 'list', 'id': 176, 'name': 'Falcon 9'}]",Falcon 9 Block 5,Block 5
64,8675,list,164,https://lldev.thespacedevs.com/2.3.0/launcher_configurations/164/,Falcon 9,"[{'response_mode': 'list', 'id': 1, 'name': 'Falcon'}, {'response_mode': 'list', 'id': 176, 'name': 'Falcon 9'}]",Falcon 9 Block 5,Block 5
65,8686,list,26,https://lldev.thespacedevs.com/2.3.0/launcher_configurations/26/,Electron,[],Electron,
66,7746,list,164,https://lldev.thespacedevs.com/2.3.0/launcher_configurations/164/,Falcon 9,"[{'response_mode': 'list', 'id': 1, 'name': 'Falcon'}, {'response_mode': 'list', 'id': 176, 'name': 'Falcon 9'}]",Falcon 9 Block 5,Block 5
67,8684,list,518,https://lldev.thespacedevs.com/2.3.0/launcher_configurations/518/,Long March 8A,"[{'response_mode': 'list', 'id': 106, 'name': 'Long March'}, {'response_mode': 'list', 'id': 115, 'name': 'Long March 8'}]",Long March 8A,A
68,2136,list,164,https://lldev.thespacedevs.com/2.3.0/launcher_configurations/164/,Falcon 9,"[{'response_mode': 'list', 'id': 1, 'name': 'Falcon'}, {'response_mode': 'list', 'id': 176, 'name': 'Falcon 9'}]",Falcon 9 Block 5,Block 5
69,8644,list,527,https://lldev.thespacedevs.com/2.3.0/launcher_configurations/527/,Starship,"[{'response_mode': 'list', 'id': 156, 'name': 'Starship'}]",Starship V2,V2
70,8687,list,164,https://lldev.thespacedevs.com/2.3.0/launcher_configurations/164/,Falcon 9,"[{'response_mode': 'list', 'id': 1, 'name': 'Falcon'}, {'response_mode': 'list', 'id': 176, 'name': 'Falcon 9'}]",Falcon 9 Block 5,Block 5
71,8673,list,164,https://lldev.thespacedevs.com/2.3.0/launcher_configurations/164/,Falcon 9,"[{'response_mode': 'list', 'id': 1, 'name': 'Falcon'}, {'response_mode': 'list', 'id': 176, 'name': 'Falcon 9'}]",Falcon 9 Block 5,Block 5
72,8677,list,164,https://lldev.thespacedevs.com/2.3.0/launcher_configurations/164/,Falcon 9,"[{'response_mode': 'list', 'id': 1, 'name': 'Falcon'}, {'response_mode': 'list', 'id': 176, 'name': 'Falcon 9'}]",Falcon 9 Block 5,Block 5
73,8688,list,164,https://lldev.thespacedevs.com/2.3.0/launcher_configurations/164/,Falcon 9,"[{'response_mode': 'list', 'id': 1, 'name': 'Falcon'}, {'response_mode': 'list', 'id': 176, 'name': 'Falcon 9'}]",Falcon 9 Block 5,Block 5
74,8697,list,110,https://lldev.thespacedevs.com/2.3.0/launcher_configurations/110/,Shavit-2,"[{'response_mode': 'list', 'id': 140, 'name': 'Shavit'}]",Shavit-2,2
75,8689,list,164,https://lldev.thespacedevs.com/2.3.0/launcher_configurations/164/,Falcon 9,"[{'response_mode': 'list', 'id': 1, 'name': 'Falcon'}, {'response_mode': 'list', 'id': 176, 'name': 'Falcon 9'}]",Falcon 9 Block 5,Block 5
76,8690,list,164,https://lldev.thespacedevs.com/2.3.0/launcher_configurations/164/,Falcon 9,"[{'response_mode': 'list', 'id': 1, 'name': 'Falcon'}, {'response_mode': 'list', 'id': 176, 'name': 'Falcon 9'}]",Falcon 9 Block 5,Block 5
77,8698,list,36,https://lldev.thespacedevs.com/2.3.0/launcher_configurations/36/,Long March 3C/YZ-1,"[{'response_mode': 'list', 'id': 106, 'name': 'Long March'}, {'response_mode': 'list', 'id': 110, 'name': 'Long March 3'}]",Long March 3C/YZ-1,C/YZ-1
78,8699,list,461,https://lldev.thespacedevs.com/2.3.0/launcher_configurations/461/,Ceres-1,"[{'response_mode': 'list', 'id': 2, 'name': 'Ceres-1'}]",Ceres-1,Ceres-1
79,8694,list,164,https://lldev.thespacedevs.com/2.3.0/launcher_configurations/164/,Falcon 9,"[{'response_mode': 'list', 'id': 1, 'name': 'Falcon'}, {'response_mode': 'list', 'id': 176, 'name': 'Falcon 9'}]",Falcon 9 Block 5,Block 5
80,8700,list,478,https://lldev.thespacedevs.com/2.3.0/launcher_configurations/478/,Long March 6A,"[{'response_mode': 'list', 'id': 106, 'name': 'Long March'}, {'response_mode': 'list', 'id': 113, 'name': 'Long March 6'}]",Long March 6A,A
81,8695,list,164,https://lldev.thespacedevs.com/2.3.0/launcher_configurations/164/,Falcon 9,"[{'response_mode': 'list', 'id': 1, 'name': 'Falcon'}, {'response_mode': 'list', 'id': 176, 'name': 'Falcon 9'}]",Falcon 9 Block 5,Block 5
82,8702,list,484,https://lldev.thespacedevs.com/2.3.0/launcher_configurations/484/,Smart Dragon 3,"[{'response_mode': 'list', 'id': 145, 'name': 'Smart Dragon'}]",Smart Dragon 3,
83,8703,list,216,https://lldev.thespacedevs.com/2.3.0/launcher_configurations/216/,Long March 7A,"[{'response_mode': 'list', 'id': 106, 'name': 'Long March'}, {'response_mode': 'list', 'id': 114, 'name': 'Long March 7'}]",Long March 7A,A
84,7892,list,164,https://lldev.thespacedevs.com/2.3.0/launcher_configurations/164/,Falcon 9,"[{'response_mode': 'list', 'id': 1, 'name': 'Falcon'}, {'response_mode': 'list', 'id': 176, 'name': 'Falcon 9'}]",Falcon 9 Block 5,Block 5
85,8430,list,24,https://lldev.thespacedevs.com/2.3.0/launcher_configurations/24/,Soyuz 2.1a,"[{'response_mode': 'list', 'id': 147, 'name': 'Soyuz'}, {'response_mode': 'list', 'id': 190, 'name': 'Soyuz 2'}]",Soyuz 2.1a,
86,7545,list,164,https://lldev.thespacedevs.com/2.3.0/launcher_configurations/164/,Falcon 9,"[{'response_mode': 'list', 'id': 1, 'name': 'Falcon'}, {'response_mode': 'list', 'id': 176, 'name': 'Falcon 9'}]",Falcon 9 Block 5,Block 5
87,8147,list,42,https://lldev.thespacedevs.com/2.3.0/launcher_configurations/42/,Soyuz 2.1b/Fregat,"[{'response_mode': 'list', 'id': 147, 'name': 'Soyuz'}, {'response_mode': 'list', 'id': 190, 'name': 'Soyuz 2'}]",Soyuz 2.1b Fregat,Fregat
88,8693,list,164,https://lldev.thespacedevs.com/2.3.0/launcher_configurations/164/,Falcon 9,"[{'response_mode': 'list', 'id': 1, 'name': 'Falcon'}, {'response_mode': 'list', 'id': 176, 'name': 'Falcon 9'}]",Falcon 9 Block 5,Block 5
89,7752,list,164,https://lldev.thespacedevs.com/2.3.0/launcher_configurations/164/,Falcon 9,"[{'response_mode': 'list', 'id': 1, 'name': 'Falcon'}, {'response_mode': 'list', 'id': 176, 'name': 'Falcon 9'}]",Falcon 9 Block 5,Block 5
90,8705,list,156,https://lldev.thespacedevs.com/2.3.0/launcher_configurations/156/,Long March 2C/YZ-1S,"[{'response_mode': 'list', 'id': 106, 'name': 'Long March'}, {'response_mode': 'list', 'id': 109, 'name': 'Long March 2'}]",Long March 2C/YZ-1S,C/YZ-1S
91,8706,list,164,https://lldev.thespacedevs.com/2.3.0/launcher_configurations/164/,Falcon 9,"[{'response_mode': 'list', 'id': 1, 'name': 'Falcon'}, {'response_mode': 'list', 'id': 176, 'name': 'Falcon 9'}]",Falcon 9 Block 5,Block 5
92,8685,list,137,https://lldev.thespacedevs.com/2.3.0/launcher_configurations/137/,New Shepard,[],New Shepard,
93,8704,list,164,https://lldev.thespacedevs.com/2.3.0/launcher_configurations/164/,Falcon 9,"[{'response_mode': 'list', 'id': 1, 'name': 'Falcon'}, {'response_mode': 'list', 'id': 176, 'name': 'Falcon 9'}]",Falcon 9 Block 5,Block 5
94,8707,list,164,https://lldev.thespacedevs.com/2.3.0/launcher_configurations/164/,Falcon 9,"[{'response_mode': 'list', 'id': 1, 'name': 'Falcon'}, {'response_mode': 'list', 'id': 176, 'name': 'Falcon 9'}]",Falcon 9 Block 5,Block 5
95,8523,list,164,https://lldev.thespacedevs.com/2.3.0/launcher_configurations/164/,Falcon 9,"[{'response_mode': 'list', 'id': 1, 'name': 'Falcon'}, {'response_mode': 'list', 'id': 176, 'name': 'Falcon 9'}]",Falcon 9 Block 5,Block 5
96,8711,list,26,https://lldev.thespacedevs.com/2.3.0/launcher_configurations/26/,Electron,[],Electron,
97,8719,list,484,https://lldev.thespacedevs.com/2.3.0/launcher_configurations/484/,Smart Dragon 3,"[{'response_mode': 'list', 'id': 145, 'name': 'Smart Dragon'}]",Smart Dragon 3,
98,7456,list,164,https://lldev.thespacedevs.com/2.3.0/launcher_configurations/164/,Falcon 9,"[{'response_mode': 'list', 'id': 1, 'name': 'Falcon'}, {'response_mode': 'list', 'id': 176, 'name': 'Falcon 9'}]",Falcon 9 Block 5,Block 5
99,8713,list,164,https://lldev.thespacedevs.com/2.3.0/launcher_configurations/164/,Falcon 9,"[{'response_mode': 'list', 'id': 1, 'name': 'Falcon'}, {'response_mode': 'list', 'id': 176, 'name': 'Falcon 9'}]",Falcon 9 Block 5,Block 5
100,163,list,27,https://lldev.thespacedevs.com/2.3.0/launcher_configurations/27/,Atlas V 551,"[{'response_mode': 'list', 'id': 66, 'name': 'Atlas'}, {'response_mode': 'list', 'id': 174, 'name': 'Atlas V'}]",Atlas V 551,551
101,8712,list,164,https://lldev.thespacedevs.com/2.3.0/launcher_configurations/164/,Falcon 9,"[{'response_mode': 'list', 'id': 1, 'name': 'Falcon'}, {'response_mode': 'list', 'id': 176, 'name': 'Falcon 9'}]",Falcon 9 Block 5,Block 5
102,8721,list,64,https://lldev.thespacedevs.com/2.3.0/launcher_configurations/64/,Long March 4C,"[{'response_mode': 'list', 'id': 106, 'name': 'Long March'}, {'response_mode': 'list', 'id': 111, 'name': 'Long March 4'}]",Long March 4C,C
103,8725,list,478,https://lldev.thespacedevs.com/2.3.0/launcher_configurations/478/,Long March 6A,"[{'response_mode': 'list', 'id': 106, 'name': 'Long March'}, {'response_mode': 'list', 'id': 113, 'name': 'Long March 6'}]",Long March 6A,A
104,8722,list,164,https://lldev.thespacedevs.com/2.3.0/launcher_configurations/164/,Falcon 9,"[{'response_mode': 'list', 'id': 1, 'name': 'Falcon'}, {'response_mode': 'list', 'id': 176, 'name': 'Falcon 9'}]",Falcon 9 Block 5,Block 5
105,8729,list,17,https://lldev.thespacedevs.com/2.3.0/launcher_configurations/17/,Long March 2D,"[{'response_mode': 'list', 'id': 106, 'name': 'Long March'}, {'response_mode': 'list', 'id': 109, 'name': 'Long March 2'}]",Long March 2D,D
106,8660,list,26,https://lldev.thespacedevs.com/2.3.0/launcher_configurations/26/,Electron,[],Electron,
107,8726,list,164,https://lldev.thespacedevs.com/2.3.0/launcher_configurations/164/,Falcon 9,"[{'response_mode': 'list', 'id': 1, 'name': 'Falcon'}, {'response_mode': 'list', 'id': 176, 'name': 'Falcon 9'}]",Falcon 9 Block 5,Block 5
108,8724,list,164,https://lldev.thespacedevs.com/2.3.0/launcher_configurations/164/,Falcon 9,"[{'response_mode': 'list', 'id': 1, 'name': 'Falcon'}, {'response_mode': 'list', 'id': 176, 'name': 'Falcon 9'}]",Falcon 9 Block 5,Block 5
109,8733,list,164,https://lldev.thespacedevs.com/2.3.0/launcher_configurations/164/,Falcon 9,"[{'response_mode': 'list', 'id': 1, 'name': 'Falcon'}, {'response_mode': 'list', 'id': 176, 'name': 'Falcon 9'}]",Falcon 9 Block 5,Block 5
110,8730,list,137,https://lldev.thespacedevs.com/2.3.0/launcher_configurations/137/,New Shepard,[],New Shepard,
111,8759,list,503,https://lldev.thespacedevs.com/2.3.0/launcher_configurations/503/,Gravity-1,[],Gravity-1,Gravity-1
112,8766,list,17,https://lldev.thespacedevs.com/2.3.0/launcher_configurations/17/,Long March 2D,"[{'response_mode': 'list', 'id': 106, 'name': 'Long March'}, {'response_mode': 'list', 'id': 109, 'name': 'Long March 2'}]",Long March 2D,D
113,8696,list,527,https://lldev.thespacedevs.com/2.3.0/launcher_configurations/527/,Starship,"[{'response_mode': 'list', 'id': 156, 'name': 'Starship'}]",Starship V2,V2
114,8113,list,164,https://lldev.thespacedevs.com/2.3.0/launcher_configurations/164/,Falcon 9,"[{'response_mode': 'list', 'id': 1, 'name': 'Falcon'}, {'response_mode': 'list', 'id': 176, 'name': 'Falcon 9'}]",Falcon 9 Block 5,Block 5
115,8263,list,26,https://lldev.thespacedevs.com/2.3.0/launcher_configurations/26/,Electron,[],Electron,
116,7893,list,164,https://lldev.thespacedevs.com/2.3.0/launcher_configurations/164/,Falcon 9,"[{'response_mode': 'list', 'id': 1, 'name': 'Falcon'}, {'response_mode': 'list', 'id': 176, 'name': 'Falcon 9'}]",Falcon 9 Block 5,Block 5
117,8734,list,518,https://lldev.thespacedevs.com/2.3.0/launcher_configurations/518/,Long March 8A,"[{'response_mode': 'list', 'id': 106, 'name': 'Long March'}, {'response_mode': 'list', 'id': 115, 'name': 'Long March 8'}]",Long March 8A,A
118,8732,list,164,https://lldev.thespacedevs.com/2.3.0/launcher_configurations/164/,Falcon 9,"[{'response_mode': 'list', 'id': 1, 'name': 'Falcon'}, {'response_mode': 'list', 'id': 176, 'name': 'Falcon 9'}]",Falcon 9 Block 5,Block 5
119,8769,list,478,https://lldev.thespacedevs.com/2.3.0/launcher_configurations/478/,Long March 6A,"[{'response_mode': 'list', 'id': 106, 'name': 'Long March'}, {'response_mode': 'list', 'id': 113, 'name': 'Long March 6'}]",Long March 6A,A
120,8770,list,483,https://lldev.thespacedevs.com/2.3.0/launcher_configurations/483/,Kinetica 1,[],Kinetica 1,
121,8747,list,164,https://lldev.thespacedevs.com/2.3.0/launcher_configurations/164/,Falcon 9,"[{'response_mode': 'list', 'id': 1, 'name': 'Falcon'}, {'response_mode': 'list', 'id': 176, 'name': 'Falcon 9'}]",Falcon 9 Block 5,Block 5
122,8746,list,164,https://lldev.thespacedevs.com/2.3.0/launcher_configurations/164/,Falcon 9,"[{'response_mode': 'list', 'id': 1, 'name': 'Falcon'}, {'response_mode': 'list', 'id': 176, 'name': 'Falcon 9'}]",Falcon 9 Block 5,Block 5
123,8758,list,164,https://lldev.thespacedevs.com/2.3.0/launcher_configurations/164/,Falcon 9,"[{'response_mode': 'list', 'id': 1, 'name': 'Falcon'}, {'response_mode': 'list', 'id': 176, 'name': 'Falcon 9'}]",Falcon 9 Block 5,Block 5
124,8775,list,128,https://lldev.thespacedevs.com/2.3.0/launcher_configurations/128/,Long March 5,"[{'response_mode': 'list', 'id': 106, 'name': 'Long March'}, {'response_mode': 'list', 'id': 112, 'name': 'Long March 5'}]",Long March 5,
125,7885,list,164,https://lldev.thespacedevs.com/2.3.0/launcher_configurations/164/,Falcon 9,"[{'response_mode': 'list', 'id': 1, 'name': 'Falcon'}, {'response_mode': 'list', 'id': 176, 'name': 'Falcon 9'}]",Falcon 9 Block 5,Block 5
126,8771,list,164,https://lldev.thespacedevs.com/2.3.0/launcher_configurations/164/,Falcon 9,"[{'response_mode': 'list', 'id': 1, 'name': 'Falcon'}, {'response_mode': 'list', 'id': 176, 'name': 'Falcon 9'}]",Falcon 9 Block 5,Block 5
127,2540,list,204,https://lldev.thespacedevs.com/2.3.0/launcher_configurations/204/,H3-24,"[{'response_mode': 'list', 'id': 86, 'name': 'H3'}]",H3-24,24
128,8778,list,50,https://lldev.thespacedevs.com/2.3.0/launcher_configurations/50/,Long March 3B/E,"[{'response_mode': 'list', 'id': 106, 'name': 'Long March'}, {'response_mode': 'list', 'id': 110, 'name': 'Long March 3'}]",Long March 3B/E,B/E
129,8760,list,164,https://lldev.thespacedevs.com/2.3.0/launcher_configurations/164/,Falcon 9,"[{'response_mode': 'list', 'id': 1, 'name': 'Falcon'}, {'response_mode': 'list', 'id': 176, 'name': 'Falcon 9'}]",Falcon 9 Block 5,Block 5
130,8772,list,164,https://lldev.thespacedevs.com/2.3.0/launcher_configurations/164/,Falcon 9,"[{'response_mode': 'list', 'id': 1, 'name': 'Falcon'}, {'response_mode': 'list', 'id': 176, 'name': 'Falcon 9'}]",Falcon 9 Block 5,Block 5
131,8773,list,164,https://lldev.thespacedevs.com/2.3.0/launcher_configurations/164/,Falcon 9,"[{'response_mode': 'list', 'id': 1, 'name': 'Falcon'}, {'response_mode': 'list', 'id': 176, 'name': 'Falcon 9'}]",Falcon 9 Block 5,Block 5
132,8559,list,84,https://lldev.thespacedevs.com/2.3.0/launcher_configurations/84/,Long March 2F/G,"[{'response_mode': 'list', 'id': 106, 'name': 'Long March'}, {'response_mode': 'list', 'id': 109, 'name': 'Long March 2'}]",Long March 2F/G,F/G
133,8774,list,164,https://lldev.thespacedevs.com/2.3.0/launcher_configurations/164/,Falcon 9,"[{'response_mode': 'list', 'id': 1, 'name': 'Falcon'}, {'response_mode': 'list', 'id': 176, 'name': 'Falcon 9'}]",Falcon 9 Block 5,Block 5
134,7988,list,164,https://lldev.thespacedevs.com/2.3.0/launcher_configurations/164/,Falcon 9,"[{'response_mode': 'list', 'id': 1, 'name': 'Falcon'}, {'response_mode': 'list', 'id': 176, 'name': 'Falcon 9'}]",Falcon 9 Block 5,Block 5
135,2176,list,172,https://lldev.thespacedevs.com/2.3.0/launcher_configurations/172/,LVM-3 (GSLV Mk III),"[{'response_mode': 'list', 'id': 84, 'name': 'GSLV'}]",Launch Vehicle Mark-3 (GSLV Mk III),
136,8781,list,216,https://lldev.thespacedevs.com/2.3.0/launcher_configurations/216/,Long March 7A,"[{'response_mode': 'list', 'id': 106, 'name': 'Long March'}, {'response_mode': 'list', 'id': 114, 'name': 'Long March 7'}]",Long March 7A,A
137,7718,list,121,https://lldev.thespacedevs.com/2.3.0/launcher_configurations/121/,Ariane 62,"[{'response_mode': 'list', 'id': 59, 'name': 'Ariane'}, {'response_mode': 'list', 'id': 62, 'name': 'Ariane 6'}]",Ariane 62,62
138,8544,list,26,https://lldev.thespacedevs.com/2.3.0/launcher_configurations/26/,Electron,[],Electron,
139,8780,list,164,https://lldev.thespacedevs.com/2.3.0/launcher_configurations/164/,Falcon 9,"[{'response_mode': 'list', 'id': 1, 'name': 'Falcon'}, {'response_mode': 'list', 'id': 176, 'name': 'Falcon 9'}]",Falcon 9 Block 5,Block 5
140,8779,list,164,https://lldev.thespacedevs.com/2.3.0/launcher_configurations/164/,Falcon 9,"[{'response_mode': 'list', 'id': 1, 'name': 'Falcon'}, {'response_mode': 'list', 'id': 176, 'name': 'Falcon 9'}]",Falcon 9 Block 5,Block 5
141,8790,list,47,https://lldev.thespacedevs.com/2.3.0/launcher_configurations/47/,Long March 11,"[{'response_mode': 'list', 'id': 106, 'name': 'Long March'}, {'response_mode': 'list', 'id': 204, 'name': 'Long March 11'}]",Long March 11,
142,8788,list,483,https://lldev.thespacedevs.com/2.3.0/launcher_configurations/483/,Kinetica 1,[],Kinetica 1,
143,8782,list,164,https://lldev.thespacedevs.com/2.3.0/launcher_configurations/164/,Falcon 9,"[{'response_mode': 'list', 'id': 1, 'name': 'Falcon'}, {'response_mode': 'list', 'id': 176, 'name': 'Falcon 9'}]",Falcon 9 Block 5,Block 5
144,8789,list,517,https://lldev.thespacedevs.com/2.3.0/launcher_configurations/517/,Long March 12,"[{'response_mode': 'list', 'id': 106, 'name': 'Long March'}, {'response_mode': 'list', 'id': 205, 'name': 'Long March 12'}]",Long March 12,
145,8792,list,461,https://lldev.thespacedevs.com/2.3.0/launcher_configurations/461/,Ceres-1,"[{'response_mode': 'list', 'id': 2, 'name': 'Ceres-1'}]",Ceres-1,Ceres-1
146,8785,list,164,https://lldev.thespacedevs.com/2.3.0/launcher_configurations/164/,Falcon 9,"[{'response_mode': 'list', 'id': 1, 'name': 'Falcon'}, {'response_mode': 'list', 'id': 176, 'name': 'Falcon 9'}]",Falcon 9 Block 5,Block 5
147,7783,list,138,https://lldev.thespacedevs.com/2.3.0/launcher_configurations/138/,New Glenn,"[{'response_mode': 'list', 'id': 214, 'name': 'New Glenn'}]",New Glenn,
148,145,list,27,https://lldev.thespacedevs.com/2.3.0/launcher_configurations/27/,Atlas V 551,"[{'response_mode': 'list', 'id': 66, 'name': 'Atlas'}, {'response_mode': 'list', 'id': 174, 'name': 'Atlas V'}]",Atlas V 551,551
149,8786,list,164,https://lldev.thespacedevs.com/2.3.0/launcher_configurations/164/,Falcon 9,"[{'response_mode': 'list', 'id': 1, 'name': 'Falcon'}, {'response_mode': 'list', 'id': 176, 'name': 'Falcon 9'}]",Falcon 9 Block 5,Block 5
